key,text
main.finale.1,"Záverečná skúška jazyka"
main.finale.2,"📝 Skúška"
main.finale.3,"Jazykové pasce + rovnice · {0} otázok"
main.finale.4,"Výborne! Ešte posledná skúška: <b>jazykové pasce</b>. Vyber správnu formuláciu — v kvantovom svete sa veľa chýb robí slovami, nie výpočtom."
main.finale.5,"Level dokončený! Hodnotenie: <b>{0}</b> (chyby: {1}, obťažnosť: {2}).<br>Nové karty nájdeš v <b>Kódexe</b> (klávesa C)."
main.eqIntroLines.1,"Hráš typ <b>∑ Jazyk rovníc (experimentálny)</b>. Hore na obrazovke uvidíš <b>skutočnú rovnicu</b>, ktorá práve platí — jej hodnoty sa menia, keď niečo urobíš."
main.eqIntroLines.2,"Symboly v rovniciach sú nakreslené ako malé obrázky — glyfy. Keď po niektorom prejdeš myšou, bublina ti povie, čo znamená. Prehľad všetkých nájdeš pod kľúčom 🔑 vpravo hore."
main.eqIntroLines.3,"Pred každou úlohou ti najprv ukážem jej <b>rovnicu</b> (karta ∑) a až potom obrázok."
main.guideTalk.1.0,"Ahoj! Vitaj na <b>Hilbertovom ostrove</b>. Ja som Iskra — iskierka svetla, ktorá ťa prevedie ostrovom. (So symbolom amplitúdy si ma nepleť — tá má veľkosť aj fázu, ja len svietim.)"
main.guideTalk.1.1,"A ty si <b>Psíčko</b> — kvantový stav <b>ψ</b>. Nie si guľôčka s polohou a rýchlosťou. Si <i>pravidlo pre predpovede</i>: hovoríš, aké výsledky dostane ten, kto sa ťa niečo opýta (zmeria)."
main.guideTalk.1.2,"Vidíš tú zlatú ručičku, ktorá sa okolo teba točí? To je tvoja <b>globálna fáza</b>. Točí sa, ale nikto na svete ju nevie zmerať. Zapamätaj si: <b>globálna fáza je nepozorovateľná, relatívna fáza áno</b>."
main.guideTalk.1.3,"Okolo ostrova je 8 portálov. Za každým čaká mentor — Euler, Stern, Bloch, Feynman, Dirac, Rabi, Bell a Bohr. Naučia ťa <b>jazyk</b>, <b>symboly</b> a <b>správne obrazy</b> kvantového sveta."
main.guideTalk.1.4,"Nad ostrovom krúži <b>Ketvarr</b>, kvantový drak. Každý mentor ťa naučí jedno <b>slovo moci</b>. Keď ich budeš mať všetkých osem, vystúp na <b>Dračí štít</b> na severe a poraz ho."
main.guideTalk.1.5,"Cieľ nie je počítať integrály. Cieľ je <b>intuícia</b>: vedieť, čo je amplitúda, čo je pravdepodobnosť, čo robí meranie a kde klasické prirovnania prestávajú platiť."
main.guideTalk.1.6,"Ovládanie: <b>WASD</b> pohyb, <b>ťahanie myšou</b> kamera, <b>E</b> vstúpiť/hovoriť, <b>C</b> Kódex symbolov, <b>M</b> mapa, <b>H</b> pomoc. Začni portálom <b>1</b>!"
main.guideTalk.1.7,"Hráš typ <b>Jazyk rovníc (experimentálny)</b>, preto je v kruhu navyše portál <b>0 — Sieň symbolov</b>. Predstaví ti symboly, ktoré v rovniciach stretneš, a čo znamenajú; odporúčam začať ním."
main.guideTalk.1.8,"Si v kvantovom svete nováčik? Vpravo hore prepni obťažnosť na <b>🫶 Laická</b> — všetko ti vysvetlím bežnými slovami."
main.guideTalk.1.9,"A ešte: ostrov je plný <b>klasických omylov</b>. Bojuj s nimi kúzlami <b>1–7</b> (Tab = cieľ, pravý klik = útok), zbieraj skúsenosti a peniaze, nakupuj u <b>Plancka</b> pri fontáne (B = taška). Keď sa so mnou porozprávaš znova, dám ti prvú úlohu."
main.guideTalk.2,". Nezabudni: <i>amplitúdy interferujú, pravdepodobnosti sa len merajú.</i>"
wow.QUESTS.1.0,"Na lúkach za portálmi sa premávajú <b>Skryté premenné</b>. Šepkajú, že výsledok merania bol daný vopred."
wow.QUESTS.1.1,"Bell dokázal, že žiadne lokálne skryté premenné nevysvetlia kvantové korelácie. Zneškodni ich <b>5</b> — a vráť sa ku mne."
wow.QUESTS.2,"Výborne. Pamätaj: kvantové pravdepodobnosti nie sú len naša nevedomosť."
wow.QUESTS.3.0,"Biliardové elektróny sa kotúľajú po ostrove, akoby mali presnú dráhu."
wow.QUESTS.3.1,"Medzi meraniami kvantový objekt žiadnu trajektóriu nemá. Rozbi ich <b>6</b>."
wow.QUESTS.4,"Dráha je obraz z klasickej fyziky. Ty máš lepší: stav a amplitúdy."
wow.QUESTS.5.0,"Atómy-planetky tvrdia, že elektróny obiehajú jadro ako planéty Slnko."
wow.QUESTS.5.1,"Taký elektrón by žiaril a do jadra by spadol za stotinu miliardtiny sekundy. Zhoď ich <b>4</b>."
wow.QUESTS.6,"Orbitál nie je dráha, ale rozloženie amplitúd. Presne tak."
wow.QUESTS.7.0,"Nadsvetelné signály lietajú nad mostom a sľubujú správy rýchlejšie ako svetlo."
wow.QUESTS.7.1,"Previazanosť dáva korelácie, nie správy — Bobova štatistika nezávisí od Alicinej voľby. Zachyť <b>4</b>."
wow.QUESTS.8,"Nemožnosť signalizácie drží. Relativita si vydýchla."
wow.QUESTS.9.0,"Mačky „mŕtve aj živé“ strašia po okraji ostrova."
wow.QUESTS.9.1,"Superpozícia nie je „oboje naraz“ — stav dáva pravdepodobnosti a meranie jeden výsledok. Upokoj <b>4</b>."
wow.QUESTS.10,"Schrödinger by bol spokojný. Jeho mačka bola kritika, nie návod."
wow.QUESTS.11.0,"Kultisti vedomia kážu, že svet skolabuje, až keď sa naň niekto pozrie."
wow.QUESTS.11.1,"Meranie je fyzikálna interakcia; dekoherencia beží aj v prázdnom laboratóriu. Rozožeň <b>5</b>."
wow.QUESTS.12,"Ostrov je čistý od omylov. Si skutočný kvantový mág."
l1.intro.1,"Vitaj v <b>Komplexnom prístave</b>! Ja som Leonhard Euler. Zaviedol som písmenká <b>e</b> a <b>i</b> — a v kvantovej mechanike ich uvidíš na každom kroku."
l1.intro.2,"Prirovnanie: <b>amplitúda je ako ručička na hodinách</b>. Má <b>dĺžku</b> (veľkosť) a <b>uhol</b> (fázu). V kvantovom svete každý možný výsledok nesie takúto ručičku."
l1.intro.3,"Pravdepodobnosť je <b>štvorec dĺžky</b> ručičky: |α|². Uhol jej je ukradnutý! Prečo teda fáza vôbec existuje? To zistíš v treťej úlohe. 😉"
l1.intro.4,"Pod tebou je <b>komplexná rovina</b>: vodorovne <b>Re</b> (reálna časť), zvislo <b>Im</b> (imaginárna časť). Kruh je jednotková kružnica."
l1.upd.1,"Presne! Všimni si: kým si menil iba <b>fázu</b>, stĺpec pravdepodobnosti sa nepohol. Menil sa len pri zmene <b>veľkosti</b>."
l1.upd.2.q,"Dve amplitúdy: 0,7 a [[0,7·e<sup>iπ/2</sup> (= 0,7i)]]. Majú rovnakú pravdepodobnosť?"
l1.upd.2.options.0,"Áno, obe 0,49"
l1.upd.2.options.1,"Nie, druhá má −0,49"
l1.upd.2.options.2,"Nie, druhá má 0,7"
l1.upd.2.why,"[[|0,7i|² = 0,7i · (−0,7i) = 0,49]]. Fáza sa v |α|² stratí."
l1.press.1.0,"Hotovo za {0} {1}. <b>Násobenie i = otočenie o 90°</b>. Dve otočenia = 180°, teda <b>[[i · i = i² = −1]]</b>. Žiadna mágia, len geometria!"
l1.press.1.1,"A ešte: [[e<sup>iπ</sup> = −1]]. Fáza π (otočenie o 180°) je presne to <b>znamienko mínus</b>, ktoré odlišuje stavy |+⟩ a |−⟩. Stretneš ich v Blochovom observatóriu."
l1.press.2.q,"Koľkokrát treba vynásobiť číslo 1 číslom i, aby sme sa dostali do −i?"
l1.press.2.options.0,"3-krát (270°)"
l1.press.2.options.1,"1-krát"
l1.press.2.options.2,"4-krát"
l1.press.2.why,"[[1 → i → −1 → −i]]. Štyri stlačenia by nás vrátili späť na 1."
l1.interference.1,"Teraz to najdôležitejšie. Do toho istého výsledku vedú <b>dve cesty</b>, každá má svoju amplitúdu A₁ a A₂ (dĺžka 0,5)."
l1.interference.2,"Kvantové pravidlo: <b>najprv sčítaj ručičky (amplitúdy), až potom umocni</b>: [[P = |A₁ + A₂|²]]. Klasické pravidlo pre vylučujúce sa alternatívy by sčítalo pravdepodobnosti: [[|A₁|² + |A₂|² = 0,5]] vždy."
l1.interference.3,"Prirovnanie: dvaja ľudia tlačia hojdačku. Ak tlačia <b>v rytme</b>, hojdačka letí vysoko. Ak <b>proti sebe</b>, nepohne sa. Tu ide o rytmus — teda <b>relatívnu fázu</b>."
l1.upd.3,"Výborne! Pri fáze π je [[P = 0]], hoci každá cesta sama by dala ¼. <b>Toto je jadro kvantovej mechaniky</b>: fáza je neviditeľná v jednej amplitúde, ale rozhoduje, keď sa amplitúdy stretnú."
l1.upd.4,"Kvantové algoritmy robia presne toto: usporiadajú fázy tak, aby sa zlé odpovede vyrušili a dobré zosilnili."
l2.intro.1.0.who,"Otto Stern"
l2.intro.1.0.text,"Vitaj vo Frankfurte, rok 1922! Z tejto <b>pece</b> letia atómy striebra. Každý má jeden nepárový elektrón a ten sa správa ako maličký magnet."
l2.intro.1.1.who,"Walther Gerlach"
l2.intro.1.1.text,"Zväzok pustíme cez <b>nehomogénne</b> magnetické pole (horný pól je ostrý, dolný plochý). Magnetický moment sa podľa svojej orientácie vychýli hore alebo dole."
l2.intro.1.2.who,"Otto Stern"
l2.intro.1.2.text,"Klasická predstava: magnetíky sú natočené náhodne → na tienidle by mal vzniknúť <b>spojitý pás</b>. Poďme to otestovať!"
l2.twoSpots.1.q,"Koľko stôp vytvorí skutočný (kvantový) zväzok na tienidle?"
l2.twoSpots.1.options.0,"dve oddelené stopy"
l2.twoSpots.1.options.1,"spojitý pás"
l2.twoSpots.1.options.2,"jednu stopu v strede"
l2.twoSpots.1.why,"Pri meraní projekcie spinu ½ v zvolenej osi sú len dva výsledky: <b>+ħ/2</b> a <b>−ħ/2</b>."
l2.twoSpots.2.0.who,"Walther Gerlach"
l2.twoSpots.2.0.text,"Hornú stopu voláme <b>[[S<sub>z</sub> = +ħ/2]]</b> (stav <b>[[|0⟩ ≡ |+z⟩]]</b>, „spin hore“), dolnú <b>[[S<sub>z</sub> = −ħ/2]]</b> (stav <b>[[|1⟩ ≡ |−z⟩]]</b>)."
l2.twoSpots.2.1.who,"Otto Stern"
l2.twoSpots.2.1.text,"Pozor na jazyk! Experiment <b>neukázal, ako sa elektrón točí</b>. Ukázal, aké výsledky dáva presne určené meranie. A „spin ½“ neznamená polovičnú otáčku — je to názov druhu kvantového spinu."
l2.sequences.1.0.who,"Otto Stern"
l2.sequences.1.0.text,"Teraz môžeš zapojiť až <b>tri magnety</b> za sebou, otáčať ich (os [[z = 0°]], os [[x = 90°]]) a nastaviť <b>filter</b>, ktorý prepustí len jeden zväzok."
l2.sequences.1.1.who,"Walther Gerlach"
l2.sequences.1.1.text,"Zostava A: prvý magnet Z prepustí len „+“, druhý magnet znova Z. Zostava B: medzi ne vlož magnet X (prepúšťa „+“). Tipni si výsledok skôr, než vystrelíš!"
l2.sequences.2.q,"Prečo zostava [[B (Z+ → X+ → Z)]] dáva na konci opäť 50 : 50?"
l2.sequences.2.options.0,"Meranie v osi x pripravilo nový stav |+x⟩; v ňom je výsledok v osi z neistý."
l2.sequences.2.options.1,"Magnet X pokazil atómy."
l2.sequences.2.options.2,"Atómy mali skryté hodnoty pre všetky osi a magnet X ich premiešal."
l2.sequences.2.why,"Istota v jednej báze neznamená istotu v inej. <b>Meracia báza je súčasťou otázky.</b> Spin nie je šípka s vopred určenými hodnotami pre x, y aj z naraz."
l2.predict.1,"Atómy prešli filtrom „+z“. Druhý magnet je otočený o {0}° od osi z. Aký podiel pôjde do jeho hornej stopy?"
l2.predict.2,"Pravdepodobnosť je [[cos²({0}°/2) = {1}]]. Na Blochovej sfére: (1 + cos {0}°)/2. Čím menší uhol medzi osami, tým istejší výsledok."
l2.predict.3,"Otto Stern"
l2.predict.4,"Namerali sme {0} hore (teória {1}). Jedno meranie dá vždy len +ħ/2 alebo −ħ/2, ale <b>štatistika mnohých opakovaní</b> prezradí pravdepodobnosť. Presne tak sa v laboratóriu overuje Bornovo pravidlo."
l3.BLOCH_PUZZLES.1,"<b>X</b> = rotácia o 180° okolo osi x. Z severného pólu na južný: kvantové NOT, „preklopenie bitu“. Všimni si: |0⟩ a |1⟩ sú v Hilbertovom priestore <b>kolmé</b>, ale na Blochovej sfére <b>protiľahlé</b>."
l3.BLOCH_PUZZLES.2,"<b>H</b> otáča okolo osi medzi x a z → vymieňa osi [[z ↔ x]]. Pozor na jazyk: H „vytvorí superpozíciu“ len z pohľadu Z-bázy. Na |+⟩ by ju naopak „zrušilo“."
l3.BLOCH_PUZZLES.3,"Pozri na P(0) a P(1): <b>nezmenili sa</b> (stále ½ a ½)! Z zmenil iba <b>relatívnu fázu</b> o π. V Z-báze nerozlíšiteľné, v X-báze úplne odlišné stavy."
l3.BLOCH_PUZZLES.4,"H ťa zložilo na rovník [[(θ = π/2), S]] otočilo fázu o [[π/2 (φ = π/2)]]. Dva uhly θ a φ stačia na opis každého čistého qubitu."
l3.BLOCH_PUZZLES.5,"[[H·Z·H = X]]. Rôzne postupnosti rotácií môžu dať tú istú výslednú rotáciu. Každé hradlo je <b>unitárne</b> = rotácia, ktorá zachováva dĺžku šípky."
l3.BLOCH_PUZZLES.6,"Pozri na zápis: [[Y|0⟩ = <b>i|1⟩</b>]]. Faktor i je <b>globálna fáza</b> — rovnaký pre celý stav, nedá sa zmerať. Preto píšeme <b>[[i|1⟩ ∼ |1⟩]]</b> („rovné až na globálnu fázu“). Šípka na sfére je tá istá!"
l3.BLOCH_PUZZLES.7,"Napr. [[H → |+⟩, S → |+i⟩, Z → |−i⟩]] (alebo H, Z, S). Relatívna fáza [[φ = 3π/2]] — teda −i. Rôzne cesty po sfére, rovnaký cieľ."
l3.BLOCH_PUZZLES.8,"[[T·T = S]]: dve rotácie o 45° okolo z dajú 90°. Fázové hradlá tvoria rebrík: [[T² = S, S² = Z]]."
l3.intro.1.0,"Grüezi! Som Felix Bloch. Vďaka NMR som ukázal, že stav spinu sa dá kresliť ako <b>šípka v guli</b>. Dnes ju voláme <b>Blochova sféra</b>."
l3.intro.1.1,"Prirovnanie: Blochova sféra je <b>zemeguľa stavov</b>. Severný pól = |0⟩, južný = |1⟩, rovník = rovnomerné superpozície. <b>Zemepisná šírka</b> (uhol θ) určuje pravdepodobnosti merania v Z-báze, <b>zemepisná dĺžka</b> (φ) je relatívna fáza."
l3.intro.1.2,"Ale pozor: toto <b>nie je</b> mapa laboratória a šípka nie je os rotujúcej guľôčky! Je to obraz amplitúd α a β."
l3.intro.1.3,"Hradlá sú <b>otočenia</b> tejto gule. Vyrieš {0} hádaniek: dostaň šípku (červená) na zlatý cieľ s obmedzenými hradlami. Guľou môžeš otáčať myšou."
l3.onAnimDone.1.q,"Stavy |+⟩ a |−⟩ majú rovnaké [[P(0) = P(1) = ½]]. Sú to rovnaké stavy?"
l3.onAnimDone.1.options.0,"Nie — líšia sa relatívnou fázou a meranie v X-báze ich rozlíši naisto"
l3.onAnimDone.1.options.1,"Áno — rovnaké pravdepodobnosti = rovnaký stav"
l3.onAnimDone.1.options.2,"Áno, líšia sa len globálnou fázou"
l3.onAnimDone.1.why,"Rovnaké štatistiky v jednej báze ešte neznamenajú rovnaký stav. Sú dokonca ortogonálne!"
l3.measure.1.0,"Posledná lekcia: <b>meranie</b>. Šípka obsahuje veľa informácie (θ aj φ). Koľko z nej dostaneš jedným meraním?"
l3.measure.1.1,"Klikni <b>Meraj 1×</b> na stav |+⟩. Potom <b>Meraj 100 kópií</b> — tie isté prípravy, nezávislé merania."
l3.checkMeasure.1.q,"Čo nám dalo JEDNO meranie qubitu?"
l3.checkMeasure.1.options.0,"jeden bit (0 alebo 1) a stav sa zmenil na |0⟩ alebo |1⟩"
l3.checkMeasure.1.options.1,"hodnoty α a β"
l3.checkMeasure.1.options.2,"uhly θ a φ"
l3.checkMeasure.1.why,"Jedno meranie = jeden bit. Pravdepodobnosti zistíš až zo <b>štatistiky mnohých rovnako pripravených kópií</b>. A fázu φ len meraním v inej báze. (Skús: |+⟩ a |+i⟩ dajú v Z-báze rovnakú štatistiku!)"
l3.lab.1,"Na záver voľné laboratórium. Každý čistý stav je bod (θ, φ), každé hradlo je rotácia R<sub>n</sub>(α) okolo nejakej osi n a každé meranie je otázka „je stav v smere m?“ — <b>[[P(+m) = (1 + r·m)/2]]</b>."
l4.intro.1.0,"Hej! Som Dick Feynman. Raz som povedal, že dvojštrbinový pokus obsahuje <b>jediné tajomstvo</b> kvantovej mechaniky. Tu je jeho qubitová verzia."
l4.intro.1.1,"Koľaj: qubit začne v |0⟩, prejde bránou <b>H</b>, stredom chrámu a druhou bránou <b>H</b>. Na konci ho detektor zmeria: 0 alebo 1."
l4.intro.1.2,"Prirovnanie: k pokladu vedú <b>dve cesty</b>. Kým nikto nevie, ktorou si šiel, ich amplitúdy sa môžu sčítať aj vyrušiť. Keď to niekto <b>zistí</b> (zmeria), interferencia zmizne — ostanú len obyčajné pravdepodobnosti."
l4.intro.1.3,"Vzadu vidíš <b>maticu hustoty ρ</b> (ró) ako stĺpce: dva na diagonále = pravdepodobnosti (populácie), dva mimo diagonály = <b>koherencie</b>, „pamäť fázy“."
l4.pure.1.q,"Qubit [[|0⟩ → H → H]] → meranie. Čo nameriaš?"
l4.pure.1.options.0,"vždy 0"
l4.pure.1.options.1,"50 % : 50 %"
l4.pure.1.options.2,"vždy 1"
l4.pure.1.why,"[[H·H = I]]. Príspevky k |1⟩ sa deštruktívne vyrušia, k |0⟩ konštruktívne sčítajú."
l4.withMeasure.1.q,"Teraz do stredu vložíme meranie v Z-báze a jeho výsledok ZABUDNEME. Čo nameriaš na konci?"
l4.withMeasure.1.options.0,"50 % : 50 %"
l4.withMeasure.1.options.1,"vždy 0"
l4.withMeasure.1.options.2,"vždy 1"
l4.withMeasure.1.why,"Meranie zničí koherenciu (mimodiagonálne prvky ρ). Zostane zmes [[½|0⟩⟨0| + ½|1⟩⟨1| = I/2]] — a tú druhé H nezmení."
l4.deco.1.0,"Meranie je extrémny prípad. V skutočnom čipe qubit pomaly „uniká“ do prostredia: <b>dekoherencia</b>. Prostredie akoby čiastočne odmeralo fázu."
l4.deco.1.1,"Posuvníkom nastav silu dekoherencie <b>p</b> (0 = nič, 1 = úplné meranie). Úloha: nájdi p, pri ktorom bude [[P(0) = <b>{0}</b>]], a pošli aspoň {1} qubitov."
l4.deco.1.2,"Nový je aj <b>fázový posun φ</b> v strede chrámu (rotácia okolo osi z). Mení, či sa cesty stretnú „v rytme“ — interferenčné prúžky: [[P(0) = (1 + (1 − p)·cos φ)/2]]."
l4.check.1,"Vidíš? Stále 0. Pozri na ρ cestou: po prvom H sú <b>všetky štyri stĺpce rovnako vysoké</b> — mimodiagonálne koherencie nesú informáciu o fáze a druhé H ich premení na istotu."
l4.check.2.0,"Po meraní mimodiagonálne stĺpce <b>zmizli</b>. Diagonála je rovnaká ako pri superpozícii (½, ½), preto ich <b>meranie v Z-báze nerozlíši</b>. Rozdiel sa ukáže až pri ďalšej operácii."
l4.check.2.1,"Na Blochovej sfére: šípka sa stiahla do <b>stredu</b> (maximálne zmiešaný stav I/2). Druhé H otáča guľu, ale bod v strede sa otáčaním nepohne."
l4.check.3.0,"Presne: [[p = {0}]] zmršťuje koherencie na {1} a [[P(0) = (1 + (1 − p)·cos φ)/2 = {2}]]. Šípka je kratšia než 1 → <b>zmiešaný stav</b> vnútri gule."
l4.check.3.1,"Matematicky druhé hradlo pôsobí na maticu hustoty ako <b>HρH†</b> (dýka † = hermitovské združenie). Pre zmes I/2 dostaneš opäť I/2 — nič nezmení."
l4.check.3.2,"Poučenie pre kvantové počítače: <b>koherencia je palivo</b> interferencie. Kto ju stratí, stratí výhodu."
l5.DIRAC_TASKS.1,"⟨a|ψ⟩ — bra „kladie otázku“ (je to stav a?), ket je odpoveďou. Spolu dajú <b>číslo</b>: amplitúdu. Ako bra-ket = „bracket“ (zátvorka)."
l5.DIRAC_TASKS.2,"|⟨a|ψ⟩|² — Bornovo pravidlo. Amplitúda je teória, pravdepodobnosť je experiment."
l5.DIRAC_TASKS.3,"|ψ⟩⟨ψ| — stĺpec krát riadok = <b>matica</b>. Rovnaké symboly ako pri ⟨ψ|ψ⟩, opačné poradie, úplne iný objekt!"
l5.DIRAC_TASKS.4,"⟨ψ|Â|ψ⟩ — priemer mnohých meraní. Pozor: nemusí to byť hodnota, ktorú nameriaš v jednom pokuse!"
l5.DIRAC_TASKS.5,"Ĥ|ψ⟩ — operátor „spracuje“ ket a vráti ket. Operátor pôsobí doprava na ket."
l5.DIRAC_TASKS.6,"⟨φ|Â|ψ⟩ — komplexné číslo, prvok matice. Číta sa sprava: Â pôsobí na ψ, výsledok sa premietne na φ."
l5.DIRAC_TASKS.7,"|ψ⟩ ⊗ |φ⟩ — tenzorový súčin. Pre dva qubity [[|0⟩ ⊗ |1⟩ = |01⟩]]. Dimenzie sa násobia: 2 × 2 = 4 amplitúdy."
l5.intro.1.0,"Dirac."
l5.intro.1.1.who,"Knihovníčka Ket"
l5.intro.1.1.text,"(šepky) Pán profesor Dirac je povestne málovravný. Kolegovia vraj zaviedli jednotku <b>1 dirac = jedno slovo za hodinu</b>. Dovoľ, aby som tlmočila."
l5.intro.1.2.who,"Knihovníčka Ket"
l5.intro.1.2.text,"Pán profesor vymyslel <b>bra-ket notáciu</b> — gramatiku kvantovej mechaniky. Každý výraz má <b>typ</b>, ako slovo v jazyku má slovný druh: <b>ket |ψ⟩</b> = stav (stĺpec), <b>bra ⟨ψ|</b> = otázka (riadok), <b>Â</b> = operátor (stroj)."
l5.intro.1.3.who,"Knihovníčka Ket"
l5.intro.1.3.text,"Prirovnanie: ket je <b>list</b>, bra je <b>obálka s adresou</b>. Keď list vložíš do obálky — ⟨a|ψ⟩ — dostaneš <b>číslo</b> (známku, amplitúdu). Keď ich položíš opačne |ψ⟩⟨a| — dostaneš <b>stroj</b> (operátor), ktorý z listov vyrába iné listy."
l5.intro.1.4.who,"Knihovníčka Ket"
l5.intro.1.4.text,"Na stole (3D) uvidíš tvary: <b>šípka</b> = ket, <b>doska</b> = bra, <b>kocka</b> = operátor, <b>minca</b> = číslo, <b>stĺpec</b> = pravdepodobnosť. Skladaj tokeny a nauč sa, čo z čoho vznikne."
l5.intro.1.5,"Správne."
l5.verify.1,"Knihovníčka Ket"
l5.verify.2.q,"Ktorý výraz je OPERÁTOR?"
l5.verify.2.options.0,"|ψ⟩⟨φ|"
l5.verify.2.options.1,"⟨φ|ψ⟩"
l5.verify.2.options.2,"⟨ψ|Â|ψ⟩"
l5.verify.2.why,"Ket-bra = operátor; bra-ket = číslo; ⟨ψ|Â|ψ⟩ = číslo (stredná hodnota)."
l5.after.1.0,"Dobre."
l5.after.1.1.who,"Knihovníčka Ket"
l5.after.1.1.text,"(To je od neho takmer óda!) Hlavná myšlienka: <b>|ψ⟩ je abstraktný stav</b>, a [[ψ(x) = ⟨x|ψ⟩]] je iba jeho „súradnica“ v polohovej báze — rovnako ako [[c<sub>n</sub> = ⟨n|ψ⟩]] v diskrétnej báze."
l6.intro.1.0,"Shalom! Som I. I. Rabi. V roku 1938 som naučil atómy „počúvať rádio“ — to je <b>magnetická rezonancia</b>. Z nej je dnes NMR, MRI aj atómové hodiny."
l6.intro.1.1.who,"Pieter Zeeman"
l6.intro.1.1.text,"Dovoľ, aby som doplnil: v statickom poli <b>B₀</b> sa energia spinu ½ rozštiepi na <b>dve hladiny</b> (Zeemanov jav). Tie dve hladiny sú náš qubit."
l6.intro.1.2,"Vľavo je NMR magnet so vzorkou (napr. molekuly dimetylfosfitu v SpinQ). Vpravo je Blochova sféra jadrového spinu. Dole v paneli je graf: <b>P(|1⟩)</b> a <b>NMR signál</b>."
l6.intro.1.3,"Prirovnanie: RF impulz je ako <b>hojdanie na hojdačke</b>: ak tlačíš v správnom rytme (<b>rezonancia</b>), hojdačka sa rozhúpe celá. Mimo rytmu sa len trochu zatrasie."
l6.precession.1.q,"Šípka v laboratórnom rámci krúžila okolo osi z (precesia). Zmenila sa pritom pravdepodobnosť P(|1⟩)?"
l6.precession.1.options.0,"Nie — precesia mení len relatívnu fázu φ, nie θ"
l6.precession.1.options.1,"Áno, kmitala"
l6.precession.1.options.2,"Áno, stále rástla"
l6.precession.1.why,"Pozri graf: zelená čiara je rovná, kmitá len oranžový signál. Precesia ≠ gyroskop: je to vývoj fázy medzi |0⟩ a |1⟩."
l6.precession.2,"V <b>rotujúcom rámci</b> sa točíme spolu so spinom (pri Larmorovej frekvencii), takže rýchla precesia „zastane“. Je to matematický trik — laboratórium sa netočí. V tomto rámci budeme odteraz pracovať."
l6.piPulse.1.0,"To je <b>π-impulz</b>: rotácia o 180° — ako hradlo X. Plocha impulzu Ω<sub>R</sub>·t je <b>uhol rotácie</b>, nie čas v sekundách."
l6.piPulse.1.1,"Keby si impulz predĺžil, stav by sa vrátil späť: to sú <b>Rabiho oscilácie</b>. Kmitá pravdepodobnosť, nie elektrón medzi dvoma miestami!"
l6.halfPulse.1,"<b>π/2-impulz</b> — rovnomerná superpozícia. V NMR je to základný krok takmer každého experimentu."
l6.tuning.1,"Niekto pohol frekvenciou RF generátora. Mimo rezonancie sa spin otáča okolo <b>naklonenej osi</b> a nikdy sa úplne nepreklopí. Hľadaj rytmus hojdačky!"
l6.tuning.2,"Rezonancia nájdená! Presne takto sa v NMR hľadá frekvencia jadra. Rozdiel frekvencií (detuning) nakláňa os rotácie."
l6.t2.1,"Skutočné spiny cítia susedov a nehomogenity poľa. Každá molekula precesuje trochu inak a fázy sa rozbiehajú: <b>T₂ (dephasing)</b>. Pomalší návrat populácií k tepelnému stavu je <b>T₁</b>."
l6.update.1.0,"Šípka sa stiahla k osi — <b>zmiešaný stav</b> (|r| < 1). Oranžový NMR signál pritom slabol: to je <b>FID</b> (voľne doznievajúca indukcia)."
l6.update.1.1,"V NMR (napr. SpinQ) nemeriame jeden spin, ale <b>ansámbel</b> ~10²⁰ molekúl. Signál je <b>stredná hodnota</b> priečnej magnetizácie, nie jednotlivé výsledky 0/1."
l7.intro.1.0,"Dobrý deň, som John Bell z CERN. Vitaj na <b>moste previazanosti</b>. Vľavo stojí <b>Alica</b> so svojím qubitom, vpravo <b>Bob</b>."
l7.intro.1.1.text,"A ja som Einstein. Roku 1935 sme s Podolským a Rosenom tvrdili, že kvantová mechanika je <b>neúplná</b>. Ak niečo na diaľku predpoviem s istotou, musí to byť „prvok reality“ vopred! Žiadne <i>spukhafte Fernwirkung</i> — strašidelné pôsobenie na diaľku."
l7.intro.1.2,"V roku 1964 som ukázal, ako sa dá tento spor <b>rozhodnúť experimentom</b>. Najprv však musíš vyrobiť previazaný pár."
l7.after.1.0,"Výborne! Teraz sa pozri na Blochove sféry: <b>obe šípky zmizli do stredu</b>."
l7.after.1.1,"Celok |Φ⁺⟩ je čistý stav, ale <b>každý qubit sám o sebe nemá vlastný stav</b> — je maximálne zmiešaný. Informácia nie je „v Alici“ ani „v Bobovi“, je v <b>koreláciách</b>. To je previazanosť: celok je viac než súčet častí."
l7.measurePairs.1.0.text,"Pri Z–Z sú výsledky <b>vždy rovnaké</b>! Hovoril som to: hodnoty museli byť určené vopred, ako dve rukavice v dvoch krabiciach."
l7.measurePairs.1.1,"Možno. Ale všimni si Boba: nech Alica meria Z alebo X, Bob vidí <b>stále 50 : 50</b>. Alica mu takto <b>nemôže poslať správu</b> — korelácie uvidia až po porovnaní výsledkov obyčajným (klasickým, pomalším) kanálom."
l7.measurePairs.1.2,"A o rukaviciach rozhodne hra. Poďme na to!"
l7.chsh.1.0,"Pravidlá <b>CHSH hry</b>: rozhodca pošle Alici náhodný bit x a Bobovi náhodný bit y. Bez komunikácie odpovedia bitmi a, b."
l7.chsh.1.1,"Vyhrávajú, ak <b>a ⊕ [[b = x · y]]</b>: teda majú odpovedať <b>rovnako</b>, okrem prípadu [[x = y = 1]], keď majú odpovedať <b>rôzne</b>."
l7.chsh.1.2.text,"Ak majú „rukavice“ — vopred dohodnuté odpovede (lokálne skryté premenné) — nikdy neprekročia <b>75 %</b>. To je Bellova nerovnosť."
l7.chsh.1.3,"S previazaným párom si Alica podľa x vyberie uhol merania a₀ alebo a₁, Bob podľa y uhol b₀ alebo b₁. Skús nájsť uhly, ktoré prekonajú 75 %!"
l7.play.1.0,"{0}! Teoretické maximum je [[cos²(π/8) ≈ <b>85 %</b>]]. Toto <b>žiadne rukavice nedokážu</b>."
l7.play.1.1.text,"Hmm... Takže buď sa vzdám lokálnosti, alebo predstavy, že hodnoty existujú pred meraním."
l7.play.1.2,"Presne. <b>Bohm</b> volí nelokálnosť (pilotná vlna), operačný prístup (Bohr) opúšťa predexistujúce hodnoty. A pozor: <b>správu</b> ste si stále neposlali. Za experimentálne overenie dostali Aspect, Clauser a Zeilinger Nobelovu cenu 2022."
l8.intro.1.0,"Velkommen! Som Niels Bohr. Na mojom erbe je jin-jang a nápis <i>Contraria sunt complementa</i> — protiklady sa dopĺňajú."
l8.intro.1.1,"Fyzik musí vedieť počítať. Ale musí vedieť aj <b>hovoriť</b> — a nehovoriť nezmysly. V tejto sieni stoja myslitelia, ktorých spomínajú vaše prednášky."
l8.intro.1.2,"<b>Komplementarita</b>: kvantový objekt nemožno opísať jedným klasickým obrazom. Vlna aj častica sú presné opisy, každý v rámci svojho experimentálneho usporiadania. Nie je to relativizmus!"
l8.intro.1.3,"Porozprávaj sa so všetkými šiestimi. Každý ti položí otázku."
l8.sorting.1.0,"Výborne. Prednáška ťa varuje: nezamieňaj <b>tri otázky</b> — <b>ontológia</b> (Čo existuje?), <b>epistemológia</b> (Čo o tom môžeme vedieť?), <b>fenomenológia</b> (Ako sa nám jav ukazuje?)."
l8.sorting.1.1,"Zatrieď nasledujúce vety."
l8.sorting.2.0.who,"Niels Bohr"
l8.sorting.2.0.q,"„Je vlnová funkcia ψ fyzikálna realita, alebo len nástroj predikcie?“ — Aká je to otázka?"
l8.sorting.2.0.options.0,"ontologická"
l8.sorting.2.0.options.1,"epistemologická"
l8.sorting.2.0.options.2,"fenomenologická"
l8.sorting.2.0.why,"Pýta sa, čo existuje. Schrödingerova rovnica ani experimenty tento spor samy neuzatvárajú."
l8.sorting.2.1.who,"Niels Bohr"
l8.sorting.2.1.q,"„Čo o polohe a hybnosti elektrónu môžeme zároveň vedieť?“"
l8.sorting.2.1.options.0,"epistemologická"
l8.sorting.2.1.options.1,"ontologická"
l8.sorting.2.1.options.2,"fenomenologická"
l8.sorting.2.1.why,"Otázka o hraniciach poznania."
l8.sorting.2.2.who,"Niels Bohr"
l8.sorting.2.2.q,"„Ako sa nám spin ukazuje v Sternovom–Gerlachovom pokuse — dve stopy na tienidle?“"
l8.sorting.2.2.options.0,"fenomenologická"
l8.sorting.2.2.options.1,"ontologická"
l8.sorting.2.2.options.2,"epistemologická"
l8.sorting.2.2.why,"Otázka o tom, ako sa jav ukazuje v skúsenosti/experimente."
l8.sorting.2.3.who,"Niels Bohr"
l8.sorting.2.3.q,"Ktorá z týchto NIE JE jedna zo „štyroch otázok“, ktoré si treba klásť pri každom novom kvantovom pojme?"
l8.sorting.2.3.options.0,"Ktorý pozorovateľ má pravdu?"
l8.sorting.2.3.options.1,"Aký systém sme pripravili?"
l8.sorting.2.3.options.2,"Akým experimentom sa vlastnosti prejavia?"
l8.sorting.2.3.options.3,"Čo z tohto opisu ešte nevyplýva?"
l8.sorting.2.3.why,"Štyri otázky: systém, rovnica a predpoklady, experiment, a čo z opisu (ne)vyplýva."
l8.sorting.3,"„Nie je potrebné prestať svet počítať. Je potrebné nezabudnúť, čo je to za svet, ktorý počítame.“ — tak končí prednáška o jazyku kvantovej mechaniky."
l9.DRAGON_TRAPS.1.0.q,"Drak má P(zásah) = 70 %. Udrel si a minul. Čo sa stalo?"
l9.DRAGON_TRAPS.1.0.options.0,"Meranie dalo menej pravdepodobný výsledok — 30 % sa tiež stáva; štít skolaboval na opačný pól"
l9.DRAGON_TRAPS.1.0.options.1,"Pravdepodobnosť bola zle vypočítaná"
l9.DRAGON_TRAPS.1.0.options.2,"Drak zistil, že ho meriaš, a uhol zmenil"
l9.DRAGON_TRAPS.1.0.why,"Bornovo pravidlo dáva pravdepodobnosti, nie istoty. Po meraní je stav v jednom z dvoch výsledkov."
l9.DRAGON_TRAPS.1.1.q,"Prečo ti „Fázové zasyčanie“ (rotácia okolo z) neublížilo, keď si stál na |1⟩?"
l9.DRAGON_TRAPS.1.1.options.0,"Póly sú vlastné stavy Z — rotácia okolo z ich mení len o globálnu fázu"
l9.DRAGON_TRAPS.1.1.options.1,"Lebo drak minul"
l9.DRAGON_TRAPS.1.1.options.2,"Lebo |1⟩ je nulový vektor"
l9.DRAGON_TRAPS.1.1.why,"[[Rz(φ)|1⟩ = e<sup>iφ/2</sup>|1⟩]] — globálna fáza je nepozorovateľná."
l9.DRAGON_TRAPS.1.2.q,"Hmla dekoherencie zmrštila šípku štítu na dĺžku 0,5. Aké najväčšie P(zásah) dosiahneš len hradlami?"
l9.DRAGON_TRAPS.1.2.options.0,"75 % — rotácie dĺžku šípky nezväčšia: [[P ≤ (1 + |r|)/2]]"
l9.DRAGON_TRAPS.1.2.options.1,"100 % — stačí správne hradlo"
l9.DRAGON_TRAPS.1.2.options.2,"50 %"
l9.DRAGON_TRAPS.1.2.why,"Unitárne hradlá sú rotácie; zmiešaný stav zostane zmiešaný. Pomôže až meranie (kolaps) — alebo nedopustiť hmlu na rovníku."
l9.intro.1.0,"Takže si prešiel všetkými ôsmimi portálmi. Som Erwin Schrödinger — áno, ten s mačkou. Na tomto štíte hory hniezdi <b>Ketvarr</b>, kvantový drak."
l9.intro.1.1,"Jeho šupiny chráni <b>štít, ktorý je qubitom</b>. Vidíš ho vpravo ako Blochovu guľu. Zlatá šípka <b>n</b> je jeho zraniteľné miesto."
l9.intro.1.2,"Tvoj meč je <b>meranie</b>. Úder zasiahne s pravdepodobnosťou <b>[[P = (1 + r·n)/2]]</b> — čím bližšie je šípka štítu k zlatej, tým istejšie. A pozor: po údere štít <b>skolabuje</b> na jeden z pólov."
l9.intro.1.3,"Nehovor, že drak je „v nebi aj na zemi naraz“. Povedz presne: je v stave, ktorý dáva <b>P(zásah)</b>. Tie dva priesvitné draky ukazujú len pravdepodobnosti výsledkov."
l9.intro.1.4,"Bojuje sa na <b>ťahy</b>: vykríkneš jedno slovo moci (hradlo), potom drak urobí <b>ohlásený ťah</b> a chrlí oheň. Ketvarra zraní len úder [[s <b>P ≥ {0}</b>]] — to je metrika, ktorú musíš trafiť."
l9.lines.1.0.0,"🐉 <b>Ketvarr:</b> „Malý stav ψ chce merať draka? Moje šupiny sú z kameňa a fázy!“"
l9.lines.1.0.1,"Schrödinger: Jeho ťahy v 1. kole sú hlavne <b>rotácie okolo z</b>. Tie póly nepohnú… a raz za čas <b>úder krídlom (X)</b>. Sleduj ohlásený ťah a čísla na tlačidlách — ukazujú P(zásah) po drakovom ťahu."
l9.lines.1.1.0,"🐉 <b>Ketvarr:</b> „Hmla! Nech sa tvoja koherencia rozplynie!“"
l9.lines.1.1.1,"Schrödinger: Teraz chrlí <b>hmlu dekoherencie</b>, ktorá zmršťuje šípku na rovníku. Dostal si nové slovo: <b>RABI-RA</b> — impulz s nastaviteľným uhlom θ. Na rovníku sa nezdržuj!"
l9.lines.1.2.0,"🐉 <b>Ketvarr:</b> „Moje srdce nie je tam, kde ho hľadáš!“"
l9.lines.1.2.1,"Schrödinger: Zraniteľné miesto <b>n</b> je teraz naklonené a drak ho presúva. Impulz má aj <b>os φ</b> v rovníkovej rovine. Mier tak, aby po drakovom ťahu bolo P ≥ prah."
l9.startPhase.1,"Ketvarr"
l9.msg.1.0.0,"Ketvarr zareve a jeho kamenné šupiny popraskajú! „Póly… ty si stál na póloch, kde mi fáza nič nezmôže!“"
l9.msg.1.0.1,"Výborne. Rotácie okolo z menia len fázu — na pólach |0⟩, |1⟩ sú neškodné."
l9.msg.1.1.0,"Hmla sa rozostúpi. „Moja hmla… ty si sa na rovníku nezdržal!“"
l9.msg.1.1.1,"Presne. Dekoherencia ničí koherencie — šípku na rovníku. Rýchly impulz a meranie ju porazia."
l9.msg.1.2.0,"Ketvarr padá do snehu. „Zamieril si na moje srdce… aj keď sa hýbalo.“"
l9.msg.1.2.1,"Toto je kvantové riadenie v malom: predpovedať vývoj a nastaviť impulz tak, aby výsledok mal vysokú pravdepodobnosť."
l9.phaseWon.1,"Ketvarr"
l9.defeated.1,"Ketvarr"
l9.defeated.2,"„Popol k popolu, amplitúda k nule!“"
l9.defeated.3,"Oheň ťa premohol. Nevadí — kolo začína odznova. Tip: pozri sa na čísla na tlačidlách a ohlásený ťah draka skôr, než vykríkneš."
l9.finale.1,"Ketvarr je porazený. Ešte tri otázky — chcem vedieť, či rozumieš, <b>prečo</b> si vyhral."
l9.finale.2,"Ketvarr"
l9.finale.3,"„Dobre teda, malý stav. Nikto ma ešte nezmeral tak presne. Odletím na severný štít a budem strážiť ostrov — pred zlými prirovnaniami.“"
l9.finale.4,"🏆 <b>Hilbertov ostrov je zachránený!</b> Hodnotenie súboja: <b>{0}</b> (chyby: {1}).<br>Zapamätaj si: amplitúdy interferujú, pravdepodobnosti sa merajú, a drak je v stave — nie „na dvoch miestach naraz“."
layman.LAYMAN_INTRO.1.0,"Ahoj! Ja som <b>Iskra</b>, tvoja sprievodkyňa. Všetko ti vysvetlím <b>bežnými slovami</b>."
layman.LAYMAN_INTRO.1.1,"Obyčajné počítače používajú <b>bity</b>: každý je 0 alebo 1. Kvantové počítače používajú <b>qubity</b>: kým sa na qubit nepozrieš, môže byť <b>prelínaním 0 aj 1</b>."
layman.LAYMAN_INTRO.1.2,"Ty si <b>Psíčko (ψ)</b> — stav qubitu. Nie si guľôčka, ale <b>recept na šance</b>: hovoríš, aké odpovede dostane ten, kto sa na teba pozrie."
layman.LAYMAN_INTRO.1.3,"Trik kvantových počítačov: každá možná odpoveď nesie <b>malú šípku</b>. Šípky sa môžu <b>navzájom vyrušiť</b>. Dobrý kvantový program zariadi, aby sa zlé odpovede vyrušili a správna posilnila."
layman.LAYMAN_INTRO.1.4,"Nad ostrovom krúži <b>Ketvarr, kvantový drak</b>. Každý mentor ťa naučí jedno slovo moci; s ôsmimi ho porazíš na Dračom štíte."
layman.LAYMAN_INTRO.1.5,"Na ostrove je 8 portálov a za každým mentor. Pred každou úlohou ti ju najprv <b>vysvetlím po ľudsky</b>. Odborné slová majú <b>preklad v zátvorke</b> a po prejdení myšou jednoduchú vysvetlivku."
layman.LAYMAN_INTRO.1.6,"Ovládanie: <b>WASD</b> pohyb, <b>ťahanie myšou</b> kamera, <b>E</b> vstúpiť/hovoriť, <b>M</b> mapa. Začni portálom <b>1</b>!"
layman.LAYMAN_INTRO.1.7,"Keď sa budeš cítiť istejšie, vpravo hore môžeš kedykoľvek prepnúť na ťažšiu obťažnosť s odbornejším jazykom."
layman.1.intro.0,"V kvantovom počítači nesie <b>každá možná odpoveď malú šípku</b> (ako ručička hodín)."
layman.1.intro.1,"<b>Dlhá šípka = odpoveď je pravdepodobná.</b> Krátka = málo pravdepodobná. Smer šípky („fáza“) je niečo ako načasovanie — dôležitý je až vtedy, keď sa šípky stretnú."
layman.1.setHand.0,"Úloha je jednoduchá: <b>potiahni šípku na zlatú značku</b> — správna dĺžka aj správny smer. Nič viac „nastavenie amplitúdy“ neznamená."
layman.1.timesI.0,"Tlačidlo „× i“ šípku len <b>otočí o štvrť otáčky</b> (90°) a dĺžku nechá tak. Dve štvrť otáčky = šípka mieri dozadu."
layman.1.interference.0,"K jednej odpovedi vedú <b>dve cesty</b> a každá prinesie svoju šípku. Šípky sa <b>sčítajú za sebou</b> (koniec jednej = začiatok druhej)."
layman.1.interference.1,"Rovnaký smer → spoja sily (odpoveď je istejšia). Opačný smer → <b>vyrušia sa</b> (odpoveď nemôže padnúť). Presne takto vyhrávajú kvantové počítače: <b>zlé odpovede sa vyrušia, správna sa posilní</b>."
layman.2.intro.0,"Atómy sa správajú ako <b>maličké magnetky</b>. Pošleme ich cez veľký magnet a pozrieme sa, kam dopadnú."
layman.2.intro.1,"Bežná skúsenosť hovorí: rozmazaný pásik. Skutočnosť: <b>iba dva body — „hore“ alebo „dole“</b>. Táto vlastnosť „vždy jedna z dvoch odpovedí“ je presne <b>qubit</b> (kvantový bit)."
layman.2.twoSpots.0,"Najprv strieľaj v <b>„klasickom“ modeli</b> (ako by to fungovalo podľa bežnej skúsenosti), potom v <b>skutočnosti</b>. Porovnaj: pásik vs. dva body."
layman.2.sequences.0,"Filter = <b>položíme otázku a necháme si len jednu odpoveď</b>. Opýtaj sa „hore/dole?“, potom „vľavo/vpravo?“ a znova „hore/dole?“."
layman.2.sequences.1,"Prekvapenie: stredná otázka prvú odpoveď <b>zmaže</b>. V kvantovom svete <b>otázka mení to, na čo sa pýtaš</b>."
layman.2.predict.0,"Naklonený magnet = <b>trochu iná otázka</b>. Čím viac je naklonený, tým viac je odpoveď ako hod mincou (50/50). Najprv tipni, potom strieľaj."
layman.3.intro.0,"Qubit si môžeš predstaviť ako <b>šípku v guli</b>. Severný pól = <b>0</b>, južný pól = <b>1</b>, hocikde inde = <b>prelínanie 0 aj 1</b>."
layman.3.intro.1,"<b>Hradlá</b> (operácie kvantového počítača) túto šípku len <b>otáčajú</b>. Kvantový program = postupnosť otočení."
layman.3.puzzles.0,"Každá hádanka: dostaň šípku na cieľ pomocou čo najmenej tlačidiel. <b>X</b> prehodí hore ↔ dole, <b>H</b> prehodí severný pól s bodom na rovníku, <b>Z</b> otočí šípku o pol otáčky okolo zvislej osi."
layman.3.measure.0,"Meranie = opýtať sa qubitu <b>„si 0 alebo 1?“</b>. Šípka na rovníku odpovedá náhodne, 50/50. Šípka potom skočí na pól podľa odpovede."
layman.3.measure.1,"Jeden pokus nepovie skoro nič; <b>sto pokusov ukáže vzorec</b>. Aj skutočné kvantové počítače púšťajú ten istý program mnohokrát."
layman.3.lab.0,"Voľná hra: nasmeruj šípku kamkoľvek, otáčaj ju a meraj v ľubovoľnom smere. <b>Tu sa nedá pokaziť nič.</b>"
layman.4.intro.0,"Existujú dva druhy „neviem“: <b>skutočné prelínanie</b>, ktoré ešte vie interferovať (superpozícia), a <b>minca, ktorú už niekto hodil</b>, len ti ju neukázal (zmes)."
layman.4.intro.1,"Pri jednom meraní vyzerajú rovnako. Rozdiel sa ukáže, keď pred meraním urobíš ďalší krok."
layman.4.pure.0,"<b>H dvakrát za sebou</b> vráti qubit vždy späť na 0 — dve cesty k odpovedi 1 sa navzájom vyrušia. To je interferencia pri práci."
layman.4.withMeasure.0,"<b>Nakukni v strede</b> a kúzlo zmizne: na konci je zrazu 50/50. Pozretie sa (alebo akýkoľvek únik informácie) interferenciu zničí."
layman.4.withMeasure.1,"Stĺpce ρ mimo uhlopriečky sú <b>kontrolky „prelínanie ešte žije“</b>. Sleduj, ako zhasnú."
layman.4.deco.0,"Dekoherencia = <b>okolie trochu nakukuje</b>. Viac šumu → menej interferencie. Je to <b>nepriateľ č. 1 skutočných kvantových počítačov</b> — preto ich chladia skoro na absolútnu nulu."
layman.5.intro.0,"Diracov zápis je len <b>skratka</b>. |ψ⟩ („ket“) = <b>stav</b>, niečo ako podstatné meno. ⟨φ| („bra“) = <b>otázka</b>, ktorú kladieš."
layman.5.intro.1,"⟨φ|ψ⟩ = <b>odpoveď na otázku</b>: jedno číslo (šípka). Druhá mocnina jej dĺžky = <b>šanca</b>."
layman.5.tasks.0,"Skladaj výrazy z dielikov ako z LEGA. Vždy sa opýtaj: je výsledok <b>stav</b>, <b>číslo</b>, alebo <b>stroj, ktorý mení stavy</b>?"
layman.6.intro.0,"NMR je technika, na ktorej stojí <b>magnetická rezonancia v nemocnici</b> — a aj <b>prvé kvantové počítače</b>."
layman.6.intro.1,"Silný magnet dá každému jadru atómu <b>dve energetické hladiny (= 0 a 1)</b>. Rádiové impulzy správneho tónu ho medzi nimi prepínajú."
layman.6.precession.0,"V magnete sa šípka <b>krúti ako vĺčik</b>. Z laboratória to vyzerá rušne; z <b>kolotoča, ktorý sa točí s ňou</b> (rotujúci rámec), stojí na mieste."
layman.6.precession.1,"Kým sa krúti, šance na 0 a 1 sa <b>nemenia</b>."
layman.6.piPulse.0,"π-impulz = rádiový impulz presne taký dlhý, aby <b>preklopil 0 na 1</b>. Je to kvantové hradlo <b>NOT</b>."
layman.6.halfPulse.0,"Polovičný impulz zastaví <b>v polovici cesty</b>: 50/50 prelínanie. Takto sa na skutočnom hardvéri vyrába superpozícia."
layman.6.tuning.0,"Ako <b>ladenie rádia</b>: zlá frekvencia a preklopenie nefunguje. Nájdi správnu stanicu."
layman.6.t2.0,"Necháš prelínanie samo a <b>vybledne</b> — jadrá sa rozídu z kroku. T₂ = <b>ako dlho si qubit „pamätá“</b>. Kvantový výpočet musí skončiť skôr."
layman.7.intro.0,"Previazanosť: <b>dva qubity zdieľajú jeden spoločný stav</b>. Ich výsledky sú prepojené — napríklad vždy rovnaké — aj keď sú ďaleko od seba."
layman.7.intro.1,"Einstein to nazval „strašidelné“. Bell vymyslel, ako to <b>overiť pokusom</b>."
layman.7.build.0,"Recept: <b>H na prvý qubit</b> (urob z neho 50/50 prelínanie), potom <b>CNOT</b> (preklop druhý, ak je prvý 1). Hotovo — sú previazané."
layman.7.noSignal.0,"Bob sám vidí <b>vždy férovú mincu</b>, nech Alica robí čokoľvek. Previazanosťou sa teda <b>nedá posielať správa</b> rýchlejšie ako svetlo — prepojenie uvidia až pri porovnaní poznámok."
layman.7.chsh.0,"Hra na spoluprácu: Alica a Bob sa nesmú rozprávať, ale môžu mať previazané páry. Bežnými stratégiami vyhrajú <b>najviac 75 %</b> kôl, s previazanosťou <b>asi 85 %</b>."
layman.7.chsh.1,"Nakláňaj uhly meraní, kým neprekonáš 75 %."
layman.9.intro.0,"Finále! Drak Ketvarr má <b>štít, ktorý je qubit</b> — šípka v guli vpravo. Tvoj meč je <b>meranie</b>: udrieš a buď zasiahneš, alebo nie."
layman.9.intro.1,"Šanca na zásah je tým väčšia, čím <b>bližšie mieri šípka štítu k zlatej šípke</b>. Bojuje sa na ťahy: ty jedno slovo (otočenie šípky), potom drak jeden ťah, ktorý ti <b>vopred prezradí</b>."
layman.9.phase1.0,"Čísla na tlačidlách ukazujú <b>šancu na zásah v ďalšom ťahu</b> — už aj s drakovým ťahom. Stačí vyberať to, čo je zelené, a potom udrieť."
layman.9.phase2.0,"Drak teraz fúka <b>hmlu</b>, ktorá šípku na rovníku skracuje — kratšia šípka = horšia muška. Na póloch hmla neškodí. Nový posuvník θ určuje, o koľko šípku otočíš."
layman.9.phase3.0,"Zlatá šípka (srdce draka) je naklonená a drak ju presúva. Posuvníkmi θ a φ nastavuj, kým tlačidlo impulzu nezozelenie — potom ho vykríkni a v ďalšom ťahu udri."
layman.8.intro.0,"Žiadne gombíky — tento level je o tom, <b>čo teória znamená</b>. Fyzici sa zhodnú na výpočtoch aj predpovediach, ale dodnes sa hádajú, čo sa „naozaj“ deje."
layman.8.statues.0,"Porozprávaj sa so šiestimi mysliteľmi. Každý to vidí inak a <b>nemusíš vybrať víťaza</b>."
layman.8.sorting.0,"Triedenie otázok do troch kôpok: <b>čo existuje?</b> (bytie), <b>čo môžeme vedieť?</b> (poznanie), <b>čo vidíme a zažívame?</b> (skúsenosť)."
layman.finale.0,"Záverečný kvíz skúša <b>slová, nie počty</b>. Tip: <b>šanca = dĺžka šípky na druhú</b>; šípky sa sčítavajú, šance nie. Pasca býva bežné slovo použité na nesprávnom mieste."
theory.1.core,"Amplitúda je komplexné číslo v polárnom tvare 
[[<i class=""ca"">α</i> = |<i class=""ca"">α</i>|·e<sup>iφ</sup> = |<i class=""ca"">α</i>|(cos φ + i sin φ)]]
Bornovo pravidlo: 
[[P = |<i class=""ca"">α</i>|² = <i class=""ca"">α</i>·<i class=""ca"">α</i>* = (Re <i class=""ca"">α</i>)² + (Im <i class=""ca"">α</i>)²]]
Fáza φ v jednej amplitúde sa v P stratí; prejaví sa až pri sčítaní amplitúd."
theory.1.setHand,"Násobenie fázovým faktorom zachová veľkosť: 
[[|e<sup>iφ</sup><i class=""ca"">α</i>| = |e<sup>iφ</sup>|·|<i class=""ca"">α</i>| = |<i class=""ca"">α</i>|]]
Kartézsky tvar cieľa: [[Re = |<i class=""ca"">α</i>| cos φ, Im = |<i class=""ca"">α</i>| sin φ]]. Pre 0,7·e<sup>i3π/4</sup>: [[Re ≈ −0,49, Im ≈ 0,49]]."
theory.1.timesI,"
[[i = e<sup>iπ/2</sup> ⇒ i·z = |z|·e<sup>i(φ + π/2)</sup>]]
Mocniny i sú body na jednotkovej kružnici: [[i⁰ = 1, i¹ = i, i² = −1, i³ = −i, i⁴ = 1]]. Eulerova identita 
[[e<sup>iπ</sup> + 1 = 0]]
spája päť základných konštánt."
theory.1.interference,"Pre dve nerozlíšiteľné cesty: 
[[P = |A₁ + A₂|² = |A₁|² + |A₂|² + 2 Re(A₁A₂*)]]
Posledný člen je <b>interferenčný</b>. Pre [[|A₁| = |A₂| = ½]] a relatívnu fázu Δφ: 
[[P = ½(1 + cos Δφ) = cos²(Δφ/2)]]
Klasicky (rozlíšiteľné cesty) ostane len [[|A₁|² + |A₂|² = ½]]."
theory.2.core,"Spin ½ v magnetickom poli: energia 
[[E = −μ·B, &nbsp; F<sub>z</sub> = μ<sub>z</sub> ∂B<sub>z</sub>/∂z]]
Sila vzniká len v <b>nehomogénnom</b> poli. Kvantovo má S<sub>z</sub> iba dve hodnoty: 
[[S<sub>z</sub> = ±ħ/2, &nbsp; ħ = h/2π ≈ 1,055·10⁻³⁴ J·s]]
"
theory.2.twoSpots,"Klasický náhodný magnetík by mal [[μ<sub>z</sub> = μ cos ϑ s]] rovnomerne rozdeleným cos ϑ ∈ [−1, 1] → spojitý pás. Nepolarizovaný zväzok je kvantovo 
[[ρ = ½|0⟩⟨0| + ½|1⟩⟨1| = I/2]]
— stred Blochovej sféry, a v <i>každej</i> osi dáva 50 : 50."
theory.2.sequences,"Báza X vyjadrená cez bázu Z: 
[[|±x⟩ = (|0⟩ ± |1⟩)/√2 &nbsp;⇒&nbsp; |⟨0|+x⟩|² = ½]]
Meranie je projekcia: po výsledku „+x“ je stav |+x⟩ bez ohľadu na minulosť. Preto [[Z+ → X+ → Z]] dá znova ½ : ½. Operátory S<sub>x</sub>, S<sub>z</sub> nekomutujú: 
[[[S<sub>x</sub>, S<sub>z</sub>] = −iħ S<sub>y</sub> ≠ 0]]
"
theory.2.predict,"Stav |+z⟩ meraný pozdĺž osi n odklonenej o uhol ϑ: 
[[P(+n) = |⟨+n|+z⟩|² = cos²(ϑ/2) = (1 + cos ϑ)/2]]
Polovičný uhol je podpis spinu ½: otočenie o 360° vynásobí stav číslom −1 (globálna fáza), až 720° ho vráti presne."
theory.3.core,"Každý čistý stav qubitu: 
[[|ψ⟩ = cos(θ/2)|0⟩ + e<sup>iφ</sup> sin(θ/2)|1⟩, &nbsp; <i class=""ca"">α</i> = cos(θ/2), <i class=""cb"">β</i> = e<sup>iφ</sup> sin(θ/2)]]
Blochov vektor: 
[[r = (sin θ cos φ, sin θ sin φ, cos θ) = (⟨X⟩, ⟨Y⟩, ⟨Z⟩)]]
Hradlo = rotácia: 
[[R<sub>n</sub>(α) = e<sup>−iα n·σ/2</sup> = cos(α/2) I − i sin(α/2) (n·σ)]]
"
theory.3.puzzles,"Pauliho matice: 
[[X = [0,1; 1,0], &nbsp; Y = [0,−i; i,0], &nbsp; Z = [1,0; 0,−1], &nbsp; H = (X + Z)/√2]]
Dôležité identity: 
[[X² = Y² = Z² = H² = I, &nbsp; HXH = Z, &nbsp; HZH = X, &nbsp; XY = iZ]]
S = diag(1, i) = √Z, T = diag(1, e<sup>iπ/4</sup>) = √S. Ako rotácie: X = −i·R<sub>x</sub>(π) ∼ R<sub>x</sub>(π)."
theory.3.measure,"Projektívne meranie v báze Z: 
[[P(0) = |<i class=""ca"">α</i>|² = cos²(θ/2), &nbsp; P(1) = |<i class=""cb"">β</i>|² = sin²(θ/2), &nbsp; ⟨Z⟩ = P(0) − P(1) = cos θ]]
Z N meraní je odhad P zaťažený štatistickou chybou 
[[σ ≈ √(P(1 − P)/N) &nbsp; (N = 100, P = ½ ⇒ σ = 5 %)]]
φ sa dá zistiť len meraním [[⟨X⟩ = sin θ cos φ]] a [[⟨Y⟩ = sin θ sin φ]] — teda v iných bázach (tomografia)."
theory.3.lab,"Meranie pozdĺž osi m: 
[[P(+m) = (1 + r·m)/2 = cos²(γ/2), &nbsp; γ = uhol medzi r a m]]
Rotácia stavu (Rodriguesov vzorec): 
[[r′ = r cos α + (n × r) sin α + n (n·r)(1 − cos α)]]
Ľubovoľné hradlo sa dá rozložiť na tri rotácie: U = e<sup>iγ</sup> R<sub>z</sub>(a) R<sub>y</sub>(b) R<sub>z</sub>(c)."
theory.4.core,"Matica hustoty a Blochov vektor: 
[[ρ = |ψ⟩⟨ψ| = [|<i class=""ca"">α</i>|², <i class=""ca"">α</i><i class=""cb"">β</i>*; <i class=""ca"">α</i>*<i class=""cb"">β</i>, |<i class=""cb"">β</i>|²] = ½(I + r·σ)]]
Diagonála = populácie, mimodiagonála ρ₀₁ = (r<sub>x</sub> − i r<sub>y</sub>)/2 = koherencia. Čistota 
[[Tr ρ² = (1 + |r|²)/2 &nbsp; (1 = čistý, ½ = maximálne zmiešaný)]]
"
theory.4.pure,"
[[|0⟩ →H→ (|0⟩ + |1⟩)/√2 →H→ ½(|0⟩ + |1⟩) + ½(|0⟩ − |1⟩) = |0⟩]]
Amplitúdy k |1⟩ (+½ a −½) sa vyrušia — dve „cesty“ s opačnou fázou. Vo ρ po prvom H: všetky štyri prvky ½ → koherencie [[ρ₀₁ = ½]] sú maximálne."
theory.4.withMeasure,"Neselektívne meranie (výsledok zabudnutý) = projekcia na diagonálu: 
[[ρ → Σ<sub>k</sub> P<sub>k</sub> ρ P<sub>k</sub> = [ρ₀₀, 0; 0, ρ₁₁]]]
Pre ρ = ½[1,1; 1,1] vznikne I/2 a HIH† = I ⇒ P(0) = ½. Superpozícia a zmes majú rovnakú diagonálu, líšia sa len mimodiagonálou."
theory.4.deco,"Kanál defázovania (phase damping) a fázový posun: 
[[ρ₀₁ → (1 − p) e<sup>−iφ</sup> ρ₀₁, &nbsp; ρ₀₀, ρ₁₁ nezmenené]]
Po druhom H: 
[[P(0) = ½ (1 + (1 − p) cos φ)]]
Viditeľnosť interferenčných prúžkov V = [[(P<sub>max</sub> − P<sub>min</sub>)/(P<sub>max</sub> + P<sub>min</sub>) = 1 − p = 2|ρ₀₁|]]. V čase: [[|ρ₀₁(t)| = |ρ₀₁(0)| e<sup>−t/T₂</sup>]]."
theory.5.core,"Rozmerová kontrola ako pri maticiach: ket = n×1, bra = 1×n, operátor = n×n. 
[[⟨φ| = (|φ⟩)† = (φ₀*, φ₁*), &nbsp; ⟨φ|ψ⟩ = Σ<sub>k</sub> φ<sub>k</sub>* ψ<sub>k</sub> ∈ ℂ]]
Vlastnosti: [[⟨φ|ψ⟩ = ⟨ψ|φ⟩*, ⟨ψ|ψ⟩ = 1]], úplnosť 
[[Σ<sub>k</sub> |k⟩⟨k| = I]]
"
theory.5.tasks,"Spektrálny rozklad pozorovateľnej a stredná hodnota: 
[[A = Σ<sub>a</sub> a |a⟩⟨a|, &nbsp; ⟨A⟩ = ⟨ψ|A|ψ⟩ = Σ<sub>a</sub> a |⟨a|ψ⟩|² = Tr(ρA)]]
Projektor [[P = |ψ⟩⟨ψ|]] spĺňa [[P² = P, P† = P]]. Tenzorový súčin: 
[[(|a⟩ ⊗ |b⟩)<sub>ij</sub> = a<sub>i</sub> b<sub>j</sub>, &nbsp; dim(H<sub>A</sub> ⊗ H<sub>B</sub>) = dim H<sub>A</sub> · dim H<sub>B</sub>]]
Vlnová funkcia: [[ψ(x) = ⟨x|ψ⟩]], ∫|ψ(x)|² dx = 1."
theory.6.core,"Spin v poli B₀ (Zeemanove hladiny, Larmorova frekvencia): 
[[H = −γ B₀ S<sub>z</sub> = −(ħω₀/2) Z, &nbsp; ω₀ = γB₀, &nbsp; ΔE = ħω₀]]
Pre protón [[γ/2π ≈ 42,58]] MHz/T ⇒ pri [[1 T ω₀/2π ≈ 42,6]] MHz. Časový vývoj: [[|ψ(t)⟩ = e<sup>−iHt/ħ</sup>|ψ(0)⟩]] = rotácia okolo z s uhlovou rýchlosťou ω₀."
theory.6.precession,"
[[<i class=""cb"">β</i>(t) = <i class=""cb"">β</i>(0) e<sup>iω₀t</sup> &nbsp;⇒&nbsp; |<i class=""cb"">β</i>(t)|² = konšt., &nbsp; φ(t) = φ(0) + ω₀t]]
V pohľade 👁 „ručičky“: <i class=""cb"">β</i> sa točí oproti <i class=""ca"">α</i>, ich dĺžky sa nemenia. Rotujúci rámec: [[|ψ̃⟩ = e<sup>−iω₀tZ/2</sup>|ψ⟩]] — v ňom precesia zmizne."
theory.6.piPulse,"RF pole B₁ cos(ωt) v rotujúcom rámci (aproximácia rotujúcej vlny): 
[[H̃ = (ħ/2)(Δ Z + Ω<sub>R</sub> X), &nbsp; Ω<sub>R</sub> = γB₁, &nbsp; Δ = ω₀ − ω]]
V rezonancii [[(Δ = 0)]]: 
[[P<sub>1</sub>(t) = sin²(Ω<sub>R</sub>t/2)]]
π-impulz: [[Ω<sub>R</sub>t = π ⇒ |0⟩ → −i|1⟩ ∼ |1⟩]]."
theory.6.halfPulse,"
[[R<sub>x</sub>(π/2)|0⟩ = (|0⟩ − i|1⟩)/√2 = |−i⟩]]
Stav na rovníku: [[P(0) = P(1) = ½]], ale [[|⟨X⟩|² + |⟨Y⟩|² = 1]] — maximálna priečna magnetizácia, teda najsilnejší NMR signál. Preto sa NMR experiment začína π/2-impulzom."
theory.6.tuning,"Mimo rezonancie (Rabiho vzorec): 
[[P<sub>1</sub>(t) = Ω<sub>R</sub>²/(Ω<sub>R</sub>² + Δ²) · sin²(√(Ω<sub>R</sub>² + Δ²) · t/2)]]
Os rotácie je naklonená o uhol [[tan ϑ = Δ/Ω<sub>R</sub>]], takže šípka nikdy nedosiahne južný pól. Šírka rezonancie ≈ Ω<sub>R</sub> — slabší impulz = ostrejšia rezonancia."
theory.6.t2,"Blochove rovnice (1946): 
[[dM<sub>⊥</sub>/dt = … − M<sub>⊥</sub>/T₂, &nbsp; dM<sub>z</sub>/dt = … − (M<sub>z</sub> − M₀)/T₁]]
FID signál: [[S(t) ∝ M<sub>⊥</sub>(0) cos(ω₀t) e<sup>−t/T₂</sup>]]. Vždy platí [[T₂ ≤ 2T₁]]. Spinové echo (Hahn 1950): π-impulz v čase τ obráti rozbiehanie fáz z nehomogenity poľa."
theory.7.core,"Dva qubity žijú v ℂ² ⊗ ℂ² (4 amplitúdy). Produktový stav: (a|0⟩ + b|1⟩) ⊗ (c|0⟩ + d|1⟩); previazaný stav sa tak napísať nedá. Kritérium pre 
[[|Ψ⟩ = Σ ψ<sub>ij</sub>|ij⟩: &nbsp; produkt ⇔ ψ₀₀ψ₁₁ − ψ₀₁ψ₁₀ = 0]]
Redukovaný stav: [[ρ<sub>A</sub> = Tr<sub>B</sub> |Ψ⟩⟨Ψ|]]."
theory.7.build,"
[[|00⟩ →H⊗I→ (|00⟩ + |10⟩)/√2 →CNOT→ (|00⟩ + |11⟩)/√2 = |Φ⁺⟩]]
Pre |Φ⁺⟩: [[ψ₀₀ψ₁₁ − ψ₀₁ψ₁₀ = ½ ≠ 0]] ⇒ previazaný. 
[[ρ<sub>A</sub> = ρ<sub>B</sub> = I/2, &nbsp; S(ρ<sub>A</sub>) = −Tr ρ<sub>A</sub> log₂ ρ<sub>A</sub> = 1 bit]]
Entropia previazanosti 1 bit = maximum pre dva qubity."
theory.7.noSignal,"Korelácia pre |Φ⁺⟩ a osi a, b v rovine xz: 
[[E(a, b) = ⟨σ<sub>a</sub> ⊗ σ<sub>b</sub>⟩ = cos(a − b), &nbsp; P(rovnaké) = cos²((a − b)/2)]]
Nemožnosť signalizácie: Bobova štatistika závisí len od ρ<sub>B</sub>, a tá sa Aliciným lokálnym meraním nezmení: 
[[Σ<sub>k</sub> Tr<sub>A</sub>[(P<sub>k</sub> ⊗ I) ρ] = ρ<sub>B</sub> = I/2]]
"
theory.7.chsh,"CHSH výraz: 
[[S = E(a₀,b₀) + E(a₀,b₁) + E(a₁,b₀) − E(a₁,b₁)]]
Lokálne skryté premenné: [[|S| ≤ 2]]. Kvantovo (Cirelsonova hranica 1980): [[|S| ≤ 2√2 ≈ 2,83]]. Výhra v hre: 
[[P<sub>win</sub> = ½ + S/8 &nbsp;⇒&nbsp; klasicky ≤ 75 %, kvantovo ≤ ½ + √2/4 = cos²(π/8) ≈ 85,4 %]]
Optimum: [[a₀ = 0, a₁ = π/2, b₀ = π/4, b₁ = −π/4]]."
theory.8.core,"Postuláty v skratke: (1) stav = jednotkový vektor |ψ⟩ (alebo ρ), (2) vývoj: 
[[iħ ∂|ψ⟩/∂t = H|ψ⟩]]
(3) meranie pozorovateľnej A = Σ a P<sub>a</sub>: P(a) = ⟨ψ|P<sub>a</sub>|ψ⟩, stav po meraní P<sub>a</sub>|ψ⟩/√P(a) („kolaps“), (4) zložené systémy: tenzorový súčin."
theory.8.statues,"Robertsonova relácia neurčitosti: 
[[σ<sub>A</sub> σ<sub>B</sub> ≥ ½ |⟨[A, B]⟩|, &nbsp; [x, p] = iħ ⇒ σ<sub>x</sub> σ<sub>p</sub> ≥ ħ/2]]
Noetherovej veta: ak [[[H, G] = 0]], potom d⟨G⟩/dt = 0 (symetria generovaná [[G ⇒ G]] sa zachováva). Bohmova vodiaca rovnica: dx/dt = (ħ/m) Im(∇ψ/ψ)."
theory.8.sorting,"Unitárny vývoj je vratný a lineárny; „kolaps“ nie je unitárny. Dekoherencia vysvetľuje, prečo interferencie makro-alternatív nevidno (ρ sa diagonalizuje v „ukazovateľovej“ báze), ale nevyberá jeden výsledok — tu sa interpretácie (Kodaň, Everett, Bohm, QBism…) rozchádzajú, predpovede majú rovnaké."
traps.hard.1.0.q,"Dve cesty s amplitúdami ½ a ½·e<sup>iπ/3</sup>. Aké je [[P = |A₁ + A₂|²]]?"
traps.hard.1.0.options.0,"¾"
traps.hard.1.0.options.1,"½"
traps.hard.1.0.options.2,"1"
traps.hard.1.0.options.3,"¼"
traps.hard.1.0.why,"[[P = cos²(Δφ/2) = cos²(π/6) = ¾]]. Interferenčný člen [[2 Re(A₁A₂*) = ½ cos(π/3) = ¼]]."
traps.hard.1.1.q,"Čomu sa rovná i<sup>i</sup> (hlavná hodnota)?"
traps.hard.1.1.options.0,"[[e<sup>−π/2</sup> ≈ 0,208]] — reálne číslo"
traps.hard.1.1.options.1,"i"
traps.hard.1.1.options.2,"−1"
traps.hard.1.1.options.3,"nedá sa definovať"
traps.hard.1.1.why,"[[i = e<sup>iπ/2</sup> ⇒ i<sup>i</sup> = e<sup>i·iπ/2</sup> = e<sup>−π/2</sup>]]. Euler to zistil v roku 1746."
traps.hard.2.0.q,"Stav |+z⟩ meriame pozdĺž osi x. Aký je ⟨S<sub>x</sub>⟩ a smerodajná odchýlka σ(S<sub>x</sub>)?"
traps.hard.2.0.options.0,"[[⟨S<sub>x</sub>⟩ = 0, σ = ħ/2]]"
traps.hard.2.0.options.1,"[[⟨S<sub>x</sub>⟩ = ħ/2, σ = 0]]"
traps.hard.2.0.options.2,"[[⟨S<sub>x</sub>⟩ = 0, σ = 0]]"
traps.hard.2.0.why,"Výsledky ±ħ/2 po 50 % ⇒ priemer 0, odchýlka ħ/2. V osi z by bolo [[σ(S<sub>z</sub>) = 0]]."
traps.hard.2.1.q,"Prečo pri spine ½ vystupuje polovičný uhol: [[P = cos²(ϑ/2)]]?"
traps.hard.2.1.options.0,"ortogonálne stavy (|+z⟩, |−z⟩) sú na Blochovej sfére protiľahlé, teda 180° = „90° v Hilbertovom priestore“"
traps.hard.2.1.options.1,"kvôli chybe magnetu"
traps.hard.2.1.options.2,"lebo spin sa otáča polovičnou rýchlosťou"
traps.hard.2.1.why,"Uhol v Hilbertovom priestore je polovicou uhla na sfére: [[|⟨+n|+z⟩| = cos(ϑ/2)]]."
traps.hard.3.0.q,"Čomu sa rovná HZH?"
traps.hard.3.0.options.0,"X"
traps.hard.3.0.options.1,"Z"
traps.hard.3.0.options.2,"Y"
traps.hard.3.0.options.3,"I"
traps.hard.3.0.why,"H vymení osi [[x ↔ z]], takže rotácia okolo z sa zmení na rotáciu okolo x. Preto [[H·Z·H = X]] (hádanka 5)."
traps.hard.3.1.q,"Stav [[s θ = π/3, φ = 0]]. Aké je P(0) v Z-báze?"
traps.hard.3.1.options.0,"[[cos²(π/6) = ¾]]"
traps.hard.3.1.options.1,"[[cos²(π/3) = ¼]]"
traps.hard.3.1.options.2,"½"
traps.hard.3.1.options.3,"[[sin²(π/6) = ¼]]"
traps.hard.3.1.why,"[[P(0) = cos²(θ/2) = (1 + cos θ)/2 = (1 + ½)/2 = ¾]]."
traps.hard.4.0.q,"Aká je čistota Tr ρ² maximálne zmiešaného stavu qubitu I/2?"
traps.hard.4.0.options.0,"½"
traps.hard.4.0.options.1,"1"
traps.hard.4.0.options.2,"0"
traps.hard.4.0.options.3,"¼"
traps.hard.4.0.why,"[[Tr (I/2)² = Tr I/4 = ½]]. Všeobecne [[Tr ρ² = (1 + |r|²)/2]] a pre stred sféry [[r = 0]]."
traps.hard.4.1.q,"Defázovanie [[p = 0,4]] a fázový posun [[φ = 0]]. Aké je P(0) na konci H → (prostredie) → H?"
traps.hard.4.1.options.0,"0,8"
traps.hard.4.1.options.1,"0,6"
traps.hard.4.1.options.2,"0,7"
traps.hard.4.1.options.3,"1"
traps.hard.4.1.why,"[[P(0) = ½(1 + (1 − p) cos φ) = ½(1 + 0,6) = 0,8]]."
traps.hard.5.0.q,"Aká je stredná hodnota ⟨+|Z|+⟩?"
traps.hard.5.0.options.0,"0"
traps.hard.5.0.options.1,"1"
traps.hard.5.0.options.2,"−1"
traps.hard.5.0.options.3,"½"
traps.hard.5.0.why,"[[⟨Z⟩ = P(0)·(+1) + P(1)·(−1) = ½ − ½ = 0]] — hoci jednotlivé merania dávajú len ±1."
traps.hard.5.1.q,"Koľko komplexných amplitúd má zložený stav troch qubitov?"
traps.hard.5.1.options.0,"2³ = 8"
traps.hard.5.1.options.1,"3 × 2 = 6"
traps.hard.5.1.options.2,"3"
traps.hard.5.1.options.3,"2"
traps.hard.5.1.why,"Dimenzie sa pri ⊗ násobia: 2 · 2 · 2 = 8 (exponenciálny rast — preto je klasická simulácia ťažká)."
traps.hard.6.0.q,"Rabiho frekvencia Ω<sub>R</sub>, rozladenie [[Δ = Ω<sub>R</sub>]]. Aké je maximum P(|1⟩)?"
traps.hard.6.0.options.0,"½"
traps.hard.6.0.options.1,"1"
traps.hard.6.0.options.2,"¼"
traps.hard.6.0.options.3,"0"
traps.hard.6.0.why,"[[P<sub>max</sub> = Ω<sub>R</sub>²/(Ω<sub>R</sub>² + Δ²) = 1/2]]."
traps.hard.6.1.q,"Ako dlho trvá, kým priečna magnetizácia klesne na 1/e?"
traps.hard.6.1.options.0,"T₂"
traps.hard.6.1.options.1,"T₁"
traps.hard.6.1.options.2,"2π/ω₀"
traps.hard.6.1.options.3,"π/Ω<sub>R</sub>"
traps.hard.6.1.why,"[[M<sub>⊥</sub>(t) = M<sub>⊥</sub>(0) e<sup>−t/T₂</sup>]]. T₁ riadi návrat M<sub>z</sub>; vždy [[T₂ ≤ 2T₁]]."
traps.hard.7.0.q,"Aká je kvantová (Cirelsonova) hranica CHSH výrazu S?"
traps.hard.7.0.options.0,"2√2 ≈ 2,83"
traps.hard.7.0.options.1,"2"
traps.hard.7.0.options.2,"4"
traps.hard.7.0.options.3,"√2"
traps.hard.7.0.why,"Lokálne [[|S| ≤ 2]], kvantovo [[|S| ≤ 2√2]], algebraicky by šlo až 4 (PR-boxy) — príroda sa zastaví na 2√2."
traps.hard.7.1.q,"Je stav ½(|00⟩ + |01⟩ + |10⟩ + |11⟩) previazaný?"
traps.hard.7.1.options.0,"nie — je to |+⟩ ⊗ |+⟩"
traps.hard.7.1.options.1,"áno, lebo má štyri členy"
traps.hard.7.1.options.2,"áno, maximálne"
traps.hard.7.1.why,"[[ψ₀₀ψ₁₁ − ψ₀₁ψ₁₀ = ¼ − ¼ = 0]] ⇒ produkt. Počet členov o previazanosti nerozhoduje."
traps.hard.8.0.q,"Čo vyplýva z [[[x, p] = iħ]]?"
traps.hard.8.0.options.0,"[[σ<sub>x</sub> σ<sub>p</sub> ≥ ħ/2]] pre každý stav"
traps.hard.8.0.options.1,"každé meranie polohy pokazí hybnosť o presne ħ"
traps.hard.8.0.options.2,"x a p sa nedajú merať vôbec"
traps.hard.8.0.why,"Robertson: [[σ<sub>A</sub>σ<sub>B</sub> ≥ ½|⟨[A,B]⟩| = ħ/2]]. Je to vlastnosť stavu (rozptyl výsledkov), nie poruchy prístroja."
traps.hard.8.1.q,"Čo dekoherencia NEvysvetľuje?"
traps.hard.8.1.options.0,"prečo dostaneme práve tento jeden výsledok"
traps.hard.8.1.options.1,"prečo makroskopické superpozície neinterferujú"
traps.hard.8.1.options.2,"prečo mizne mimodiagonála ρ"
traps.hard.8.1.why,"Dekoherencia diagonalizuje ρ, ale výber jedného výsledku (problém merania) nerieši — tu sa interpretácie rozchádzajú."
scrolls.s1a.title,"Odmocnina zo záporného čísla"
scrolls.s1a.text,"Cardano v knihe <i>Ars Magna</i> (1545) pri riešení úlohy „rozdeľ 10 na dve časti so súčinom 40“ dostal 5 ± √−15. Výsledok vyhovoval, no nevedel, čo znamená. Bombelli v <i>L’Algebra</i> (1572) ako prvý zaviedol pravidlá počítania s „più di meno“ (dnešné +i) a „meno di meno“ (−i) — a ukázal, že cez ne vedú cesty k úplne reálnym koreňom kubických rovníc."
scrolls.s1a.quote,"„Tak postupuje aritmetická jemnosť, ktorej koniec je, ako sa hovorí, rovnako rafinovaný ako zbytočný.“ — Cardano o √−15"
scrolls.s1b.title,"„Imaginárne“ a Eulerov vzorec"
scrolls.s1b.text,"Descartes v <i>La Géométrie</i> (1637) nazval tieto korene pohŕdavo „imaginárne“ — a meno zostalo. Euler v <i>Introductio in analysin infinitorum</i> (1748) publikoval [[e<sup>ix</sup> = cos x + i sin x]] a v roku 1777 zaviedol pre √−1 písmeno <b>i</b>. Už v liste Goldbachovi (1746) vypočítal, že i<sup>i</sup> je reálne číslo ≈ 0,2079."
scrolls.s1b.quote,"„Náš klenot … najpozoruhodnejší vzorec v matematike.“ — Richard Feynman o [[e<sup>iθ</sup> = cos θ + i sin θ]] (Feynmanove prednášky, 1963)"
scrolls.s1c.title,"Čísla ako šípky a pravdepodobnosť ako štvorec"
scrolls.s1c.text,"Zememerač Wessel (1799) a účtovník Argand (1806) nezávisle nakreslili komplexné čísla ako body roviny — násobenie sa stalo otáčaním. Gauss (1831) im dal meno „komplexné“. V roku 1926 Max Born v poznámke pod čiarou článku o zrážkach doplnil, že pravdepodobnosť je úmerná <b>štvorcu</b> amplitúdy — dnešné Bornovo pravidlo (Nobelova cena 1954)."
scrolls.s1c.quote,"„Pohyb častíc sa riadi zákonmi pravdepodobnosti, ale samotná pravdepodobnosť sa šíri v súlade so zákonom kauzality.“ — Max Born, 1926"
scrolls.s2a.title,"Pohľadnica Bohrovi"
scrolls.s2a.text,"Stern navrhol pokus v roku 1921, aby vyvrátil Bohrovu „priestorovú kvantizáciu“. Po mesiacoch neúspechov Gerlach vo Frankfurte vo februári 1922 uvidel na sklíčku stopu rozdelenú na dve. Poslal Bohrovi pohľadnicu s mikrofotografiou dvoch stôp. (Až neskôr sa ukázalo, že nejde o orbitálny moment, ale o spin elektrónu.)"
scrolls.s2a.quote,"„V prílohe experimentálny dôkaz smerovej kvantizácie. Blahoželáme k potvrdeniu vašej teórie.“ — Gerlach Bohrovi, 8. 2. 1922"
scrolls.s2b.title,"Lacná cigara"
scrolls.s2b.text,"Vrstva striebra na sklíčku bola taká tenká, že ju nebolo vidno. Podľa Sternových spomienok sa stopa zjavila až vtedy, keď sa nad sklíčko naklonil s lacnou cigarou: síra z dymu premenila striebro na čierny sulfid striebra. Fyzici Friedrich a Herschbach pokus s cigarou v roku 2003 zopakovali — funguje (anekdota, ale overená)."
scrolls.s2b.quote,"Stern s platom asistenta fajčil lacné cigary s vysokým obsahom síry — a práve to pokus zachránilo. — podľa Friedricha a Herschbacha, Physics Today (2003)"
scrolls.s2c.title,"Spin: hlúposť, ktorú si mladí môžu dovoliť"
scrolls.s2c.text,"V roku 1925 Uhlenbeck a Goudsmit navrhli, že elektrón má vlastný moment hybnosti ±ħ/2. Keď im Lorentz vypočítal, že „povrch“ elektrónu by sa točil rýchlejšie ako svetlo, chceli článok stiahnuť — Ehrenfest ho už odoslal. Pauli bol najprv proti (Kronigovi ten istý nápad rozhovoril). Phipps a Taylor (1927) zopakovali Stern–Gerlachov pokus s atómami vodíka a potvrdili, že dve stopy robí spin elektrónu."
scrolls.s2c.quote,"„Obaja ste dosť mladí na to, aby ste si mohli dovoliť nejakú hlúposť.“ — Ehrenfest Uhlenbeckovi a Goudsmitovi, 1925"
scrolls.s3a.title,"Guľa skôr než qubit"
scrolls.s3a.text,"Tú istú guľu poznala optika: Poincaré (1892) zobrazil všetky polarizácie svetla ako body sféry — kruhová polarizácia na póloch, lineárne na rovníku. Pauli v roku 1927 zapísal spin pomocou troch matíc σ<sub>x</sub>, σ<sub>y</sub>, σ<sub>z</sub>; ich lineárne kombinácie sú presne rotácie Blochovej sféry."
scrolls.s3a.quote,"„Matematika je umenie dávať rovnaké meno rôznym veciam.“ — Henri Poincaré"
scrolls.s3b.title,"Jadrová indukcia a geometrický obraz"
scrolls.s3b.text,"V roku 1946 Bloch (Stanford) a Purcell (Harvard) nezávisle objavili jadrovú magnetickú rezonanciu v látkach; Nobelovu cenu si rozdelili v roku 1952. Bloch zapísal pohyb magnetizácie ako rotáciu vektora. Feynman, Vernon a Hellwarth (1957) ukázali, že <i>každý</i> dvojhladinový systém sa dá kresliť ako šípka v guli — preto dnes hovoríme o Blochovej sfére qubitu."
scrolls.s3b.quote,"Heisenberg: „Priestor je pole lineárnych operácií.“ Bloch: „Nezmysel. Priestor je modrý a lietajú ním vtáky.“ — Blochova spomienka na rozhovor s Heisenbergom (Physics Today, 1976)"
scrolls.s3c.title,"Slovo „qubit“"
scrolls.s3c.text,"Slovo <b>qubit</b> zaviedol Benjamin Schumacher v článku <i>Quantum coding</i> (1995) — vraj ako žart z rozhovoru s Williamom Woottersom (znie ako biblická jednotka „cubit“, lakeť). V tom istom článku ukázal, že qubit je jednotka kvantovej informácie, tak ako bit je jednotkou klasickej."
scrolls.s3c.quote,"„Termín ‚qubit‘ vznikol zo žartu počas jedného z mnohých podnetných rozhovorov autora s W. K. Woottersom.“ — Schumacher, Quantum coding (1995)"
scrolls.s4a.title,"Dve štrbiny a slabé svetlo"
scrolls.s4a.text,"Young (prednášky 1801–1803 v Kráľovskej spoločnosti) ukázal prúžky za dvoma štrbinami a tým vlnovú povahu svetla — proti autorite Newtona. Taylor (1909) zopakoval interferenciu so svetlom také slabým, že naraz letel v prístroji v priemere menej než jeden fotón; expozícia trvala tri mesiace a prúžky zostali."
scrolls.s4a.quote,"„Pokusy, ktoré idem opísať, sa dajú zopakovať s veľkou ľahkosťou, kedykoľvek svieti slnko.“ — Thomas Young, 1803"
scrolls.s4b.title,"Elektróny po jednom"
scrolls.s4b.text,"Jönsson (1961) prvý urobil dvojštrbinový pokus s elektrónmi. Merli, Missiroli a Pozzi (Bologna, 1974) a Tonomura (Hitachi, 1989) poslali elektróny <i>po jednom</i>: každý dopadne ako bodka, no tisíce bodiek poskladajú prúžky. Čitatelia Physics World ho v roku 2002 zvolili za najkrajší pokus vo fyzike."
scrolls.s4b.quote,"„Je to jav, ktorý je nemožné, absolútne nemožné vysvetliť klasicky, a obsahuje v sebe srdce kvantovej mechaniky. V skutočnosti obsahuje jediné tajomstvo.“ — Feynman, 1965"
scrolls.s4c.title,"Matica hustoty a dekoherencia"
scrolls.s4c.text,"Maticu hustoty zaviedli nezávisle von Neumann a Landau (1927) na opis zmesí a podsystémov. Zeh (1970) si všimol, že makroskopické systémy sa nedajú izolovať od okolia, a Zurek (1981–82) ukázal, ako prostredie vyberá „ukazovateľovú“ bázu a maže koherencie. V laboratóriu dekoherenciu „v priamom prenose“ zmerali Haroche a kolegovia (1996)."
scrolls.s4c.quote,"„Kvantová teória je jediná, ktorú máme; dekoherencia ukazuje, prečo sa nám svet javí klasický.“ — parafráza myšlienky W. Zureka"
scrolls.s5a.title,"Poissonova zátvorka na prechádzke"
scrolls.s5a.text,"V lete 1925 dostal 23-ročný Dirac korektúry Heisenbergovho článku. Na nedeľnej prechádzke si uvedomil, že komutátor xp − px zodpovedá klasickej Poissonovej zátvorke — v nedeľu však bola knižnica zatvorená, a tak musel do pondelka čakať, kým si vzorec overí. V roku 1930 vydal <i>The Principles of Quantum Mechanics</i>; bra-ket zápis pridal v roku 1939."
scrolls.s5a.quote,"„Je dôležitejšie mať krásu v rovniciach, než aby súhlasili s experimentom.“ — Dirac, Scientific American, 1963"
scrolls.s5b.title,"Rovnica, ktorá predpovedala antihmotu"
scrolls.s5b.text,"Diracova relativistická rovnica (1928) mala riešenia so zápornou energiou. Dirac v nich nakoniec (1931) videl novú časticu — anti-elektrón. Anderson ho v roku 1932 našiel v kozmickom žiarení (pozitrón). Dirac dostal Nobelovu cenu v roku 1933 spolu so Schrödingerom; zvažoval ju odmietnuť kvôli publicite, kým mu Rutherford nepovedal, že odmietnutie by vzbudilo ešte väčšiu."
scrolls.s5b.quote,"„To nebola otázka, to bol komentár.“ — anekdota: Dirac, keď sa ho na prednáške ktosi „opýtal“, že nerozumie rovnici vpravo hore"
scrolls.s6a.title,"Čiary, ktoré sa rozštiepili"
scrolls.s6a.text,"Zeeman (1896) vložil plameň so sodíkom medzi póly elektromagnetu a spektrálne čiary sa rozšírili, neskôr rozštiepili. Lorentz to hneď vysvetlil pohybom nabitých častíc v atóme a z rozštiepenia odhadol pomer náboja a hmotnosti — zhruba v čase, keď Thomson objavil elektrón (1897). Nobelova cena 1902. Tzv. „anomálny“ Zeemanov jav vysvetlil až spin."
scrolls.s6a.quote,"„Anomálny Zeemanov jav… ako môže človek vyzerať šťastne, keď myslí na anomálny Zeemanov jav?“ — Pauli, okolo 1923"
scrolls.s6b.title,"Atómy počúvajú rádio"
scrolls.s6b.text,"Na Kolumbijskej univerzite (1938) Rabiho skupina posielala molekulový zväzok cez statické pole a oscilujúce rádiové pole. Pri presnej frekvencii sa spiny preklopili a zväzok sa minul detektora — prvé meranie magnetickej rezonancie. Nobelova cena 1944. Z metódy vzišli atómové hodiny, NMR aj MRI."
scrolls.s6b.quote,"„Kto si to objednal?“ — Rabi o objave miónu (1936), častice, ktorú nikto nečakal"
scrolls.s6c.title,"Echo, obraz tela a Shor v skúmavke"
scrolls.s6c.text,"Hahn (1950) objavil spinové echo — π-impulz obráti rozbiehanie fáz a stratený signál sa vráti. Lauterbur (1973) a Mansfield z NMR urobili zobrazovanie (MRI; Nobelova cena 2003). V roku 2001 tím IBM a Stanfordu (Vandersypen, Chuang a kol.) v NMR molekule so 7 jadrovými spinmi spustil Shorov algoritmus a rozložil 15 = 3 × 5."
scrolls.s6c.quote,"„Echo bola náhoda — impulzy, ktoré som dával z iných dôvodov, vyrobili signál, ktorý tam nemal byť.“ — parafráza Hahnových spomienok"
scrolls.s7a.title,"Boh nehrá kocky?"
scrolls.s7a.text,"V liste Maxovi Bornovi (1926) Einstein odmietol, že by príroda bola v podstate náhodná. V máji 1935 vyšiel článok EPR „Môže byť kvantovomechanický opis fyzikálnej reality považovaný za úplný?“. Bohr odpovedal v októbri 1935 článkom s <i>rovnakým</i> názvom: o realite nemožno hovoriť bez experimentálneho usporiadania."
scrolls.s7a.quote,"„Teória prináša veľa, ale k tajomstvu Starého nás sotva približuje. Ja som v každom prípade presvedčený, že On nehádže kockami.“ — Einstein Bornovi, 4. 12. 1926"
scrolls.s7b.title,"Verschränkung a strašidlá"
scrolls.s7b.text,"V lete 1935 si Schrödinger s Einsteinom vymieňali listy o EPR. Schrödinger pre jav vymyslel slovo <i>Verschränkung</i> — previazanosť (entanglement) — a v tom istom roku aj mačku v krabici. Einstein ešte v roku 1947 písal Bornovi o „strašidelnom pôsobení na diaľku“ (<i>spukhafte Fernwirkung</i>)."
scrolls.s7b.quote,"„Nenazval by som to jednou, ale skôr <i>tou</i> charakteristickou črtou kvantovej mechaniky, ktorá si vynucuje úplný odklon od klasického myslenia.“ — Schrödinger o previazanosti, 1935"
scrolls.s7c.title,"Od nerovnosti k Nobelovej cene"
scrolls.s7c.text,"Bell (1964, počas tvorivej dovolenky v USA) odvodil nerovnosť, ktorú musí spĺňať každá lokálna teória so skrytými premennými. CHSH (1969) ju upravili pre reálne prístroje; Freedman a Clauser (1972) ju prvýkrát porušili. Aspect (1982) prepínal analyzátory počas letu fotónov. V roku 2015 tri tímy (Delft, Viedeň, NIST) uzavreli hlavné „diery“ naraz. Nobelova cena 2022: Aspect, Clauser, Zeilinger."
scrolls.s7c.quote,"„V roku 1952 som však uvidel nemožné urobené.“ — Bell o Bohmovej teórii, ktorá vyvracala „dôkaz“ von Neumanna proti skrytým premenným"
scrolls.s8a.title,"Como a Solvay"
scrolls.s8a.text,"V septembri 1927 Bohr v Como prvýkrát predstavil komplementaritu; Heisenberg v tom istom roku publikoval princíp neurčitosti. O mesiac neskôr, na 5. Solvayovom kongrese v Bruseli, Einstein každé ráno pri raňajkách predkladal myšlienkový pokus, ktorý mal neurčitosť obísť — a Bohr do večera našiel chybu. Na 6. kongrese (1930) Bohr Einsteinovu „fotónovú krabicu“ vyvrátil Einsteinovou vlastnou všeobecnou relativitou."
scrolls.s8a.quote,"„Einstein, prestaň hovoriť Bohu, čo má robiť!“ — Bohr (podľa svedkov Solvayovho kongresu, 1927)"
scrolls.s8b.title,"Myslitelia v sieni"
scrolls.s8b.text,"Kant: <i>Kritika čistého rozumu</i> (1781). Noetherová: veta o symetriách a zákonoch zachovania, <i>Invariante Variationsprobleme</i> (1918) — Einstein ju v nekrológu (1935) nazval najvýznamnejším tvorivým matematickým géniom od začiatku vysokoškolského vzdelávania žien. Wittgenstein: <i>Tractatus Logico-Philosophicus</i> (1921), veta 5.6 o hraniciach jazyka. Heisenberg: <i>Physics and Philosophy</i> (1958), Giffordove prednášky."
scrolls.s8b.quote,"„To, čo pozorujeme, nie je príroda sama osebe, ale príroda vystavená nášmu spôsobu kladenia otázok.“ — Heisenberg, 1958"
scrolls.s8c.title,"Výklady sa množia"
scrolls.s8c.text,"Von Neumann (1932) zaviedol do formalizmu „kolaps“ (projekciu) a údajný dôkaz nemožnosti skrytých premenných. Bohm (1952) ho obišiel nelokálnou pilotnou vlnou. Everett (1957, dizertácia) navrhol, že k žiadnemu kolapsu nedochádza (neskôr „mnohosvetová“ interpretácia). Mermin (1989) zhrnul postoj mnohých fyzikov vetou, ktorá sa mylne pripisuje Feynmanovi."
scrolls.s8c.quote,"„Ak by som mal jednou vetou zhrnúť, čo mi kodanská interpretácia hovorí, bolo by to: ‚Drž hubu a počítaj!‘“ — N. David Mermin, Physics Today, 1989"
traps.ancient.1.q,"Kto prvý zaviedol pravidlá počítania s odmocninami záporných čísel?"
traps.ancient.1.options.0,"Rafael Bombelli (1572)"
traps.ancient.1.options.1,"Isaac Newton (1687)"
traps.ancient.1.options.2,"Carl F. Gauss (1831)"
traps.ancient.1.why,"Bombelli v L’Algebra (1572); Gauss neskôr spopularizoval názov „komplexné čísla“."
traps.ancient.2.q,"Čo podľa Sternovej spomienky zviditeľnilo stopu striebra?"
traps.ancient.2.options.0,"síra z lacnej cigary"
traps.ancient.2.options.1,"ultrafialová lampa"
traps.ancient.2.options.2,"fotografická emulzia"
traps.ancient.2.why,"Sulfid striebra je čierny — vrstva sa stala viditeľnou (Friedrich a Herschbach to v roku 2003 zopakovali)."
traps.ancient.3.q,"Kto spolu s Blochom dostal Nobelovu cenu 1952 za jadrovú magnetickú rezonanciu?"
traps.ancient.3.options.0,"Edward Purcell"
traps.ancient.3.options.1,"Richard Feynman"
traps.ancient.3.options.2,"Max Born"
traps.ancient.3.why,"Bloch (Stanford) a Purcell (Harvard) objavili NMR v látkach nezávisle v roku 1946."
traps.ancient.4.q,"Kto prvý ukázal interferenciu svetla za dvoma štrbinami?"
traps.ancient.4.options.0,"Thomas Young (1801–1803)"
traps.ancient.4.options.1,"Isaac Newton (1704)"
traps.ancient.4.options.2,"Richard Feynman (1965)"
traps.ancient.4.why,"Young — a tým podporil vlnovú teóriu svetla proti Newtonovej korpuskulárnej."
traps.ancient.5.q,"Ktorú časticu predpovedala Diracova rovnica a kto ju objavil?"
traps.ancient.5.options.0,"pozitrón — Carl Anderson (1932)"
traps.ancient.5.options.1,"neutrón — James Chadwick (1932)"
traps.ancient.5.options.2,"mión — Rabiho tím (1936)"
traps.ancient.5.why,"Riešenia so zápornou energiou → anti-elektrón, nájdený v kozmickom žiarení v roku 1932."
traps.ancient.6.q,"Kto (2001) spustil Shorov algoritmus v NMR a čo rozložil?"
traps.ancient.6.options.0,"tím IBM a Stanfordu — 15 = 3 × 5"
traps.ancient.6.options.1,"Rabi — 21 = 3 × 7"
traps.ancient.6.options.2,"Bloch a Purcell — 6 = 2 × 3"
traps.ancient.6.why,"Vandersypen, Chuang a kol.: molekula so 7 jadrovými spinmi, Nature 2001."
traps.ancient.7.q,"Kto vymyslel slovo „previazanosť“ (Verschränkung) a kedy?"
traps.ancient.7.options.0,"Erwin Schrödinger, 1935"
traps.ancient.7.options.1,"Albert Einstein, 1926"
traps.ancient.7.options.2,"John Bell, 1964"
traps.ancient.7.why,"V korešpondencii s Einsteinom a v článkoch roku 1935, po článku EPR."
traps.ancient.8.q,"Kde a kedy Bohr prvýkrát predstavil komplementaritu?"
traps.ancient.8.options.0,"Como, september 1927"
traps.ancient.8.options.1,"Kodaň, 1913"
traps.ancient.8.options.2,"Brusel, 1930"
traps.ancient.8.why,"Prednáška na konferencii k Voltovmu výročiu v Como; o mesiac neskôr nasledoval Solvayov kongres."
traps.1.0.q,"Amplitúda [[α = 0,6i]]. Aká je pravdepodobnosť príslušného výsledku?"
traps.1.0.options.0,"0,36"
traps.1.0.options.1,"−0,36"
traps.1.0.options.2,"0,6"
traps.1.0.why,"[[|α|² = α·α* = 0,6i · (−0,6i) = 0,36]]. Pravdepodobnosť nikdy nie je záporná."
traps.1.1.q,"Čo znamená násobenie amplitúdy faktorom e<sup>iφ</sup>?"
traps.1.1.options.0,"otočenie „ručičky“ v komplexnej rovine o uhol φ"
traps.1.1.options.1,"zväčšenie pravdepodobnosti"
traps.1.1.options.2,"fyzikálne roztočenie častice"
traps.1.1.why,"Veľkosť (a teda |α|²) sa nemení, mení sa len fáza."
traps.1.2.q,"Ktorá veta je správna?"
traps.1.2.options.0,"Interferujú amplitúdy, až potom počítame pravdepodobnosť."
traps.1.2.options.1,"Interferujú pravdepodobnosti."
traps.1.2.options.2,"Interferencia je čisto kvantový jav, klasické vlny ju nemajú."
traps.1.2.why,"Klasické vlny interferujú tiež — kvantovo však interferujú amplitúdy pravdepodobnosti."
traps.2.0.q,"Sternov–Gerlachov experiment ukázal…"
traps.2.0.options.0,"dve oddelené stopy pri meraní v zvolenom smere"
traps.2.0.options.1,"ako sa elektrón naozaj točí"
traps.2.0.options.2,"spojitý pás všetkých výchyliek"
traps.2.0.why,"Ukázal výsledky presne určeného merania, nie „film“ rotujúceho elektrónu."
traps.2.1.q,"Atóm prejde filtrom „+z“, potom meriame v osi x. Čo platí?"
traps.2.1.options.0,"+x aj −x po 50 %"
traps.2.1.options.1,"vždy +x"
traps.2.1.options.2,"vždy +z"
traps.2.1.why,"Istota v jednej báze neznamená istotu v inej."
traps.2.2.q,"Čo znamená „spin ½“?"
traps.2.2.options.0,"druh kvantového spinu s dvoma možnými projekciami"
traps.2.2.options.1,"polovičnú otáčku elektrónu"
traps.2.2.options.2,"polovičnú rýchlosť otáčania"
traps.2.2.why,"Je to označenie typu spinu, nie mechanická rotácia."
traps.3.0.q,"Ako je správne povedať, čo robí Hadamardovo hradlo?"
traps.3.0.options.0,"vykoná unitárnu rotáciu, ktorá vymení osi x a z"
traps.3.0.options.1,"vždy vytvorí superpozíciu"
traps.3.0.options.2,"odmeria qubit"
traps.3.0.why,"[[H|+⟩ = |0⟩]] — superpozíciu teda aj „zruší“. Závisí od bázy."
traps.3.1.q,"−iX ∼ X znamená…"
traps.3.1.options.0,"rovnaké až na globálnu fázu (fyzikálne totožné)"
traps.3.1.options.1,"viem jedno premeniť na druhé"
traps.3.1.options.2,"líšia sa relatívnou fázou"
traps.3.1.why,"Faktor −i je spoločný pre celý stav → globálna fáza, nepozorovateľná."
traps.3.2.q,"Kde ležia ortogonálne stavy |0⟩ a |1⟩ na Blochovej sfére?"
traps.3.2.options.0,"na opačných póloch"
traps.3.2.options.1,"kolmo na seba (90°)"
traps.3.2.options.2,"v tom istom bode"
traps.3.2.why,"V Hilbertovom priestore kolmé, na Blochovej sfére protiľahlé (kvôli θ/2)."
traps.3.3.q,"Hradlo Z aplikované na |+⟩…"
traps.3.3.options.0,"zmení stav na |−⟩, P(0) a P(1) v Z-báze zostanú ½"
traps.3.3.options.1,"nezmení nič, lebo pravdepodobnosti sú rovnaké"
traps.3.3.options.2,"preklopí |0⟩ na |1⟩"
traps.3.3.why,"Rotácia okolo z mení relatívnu fázu — rozlíšiš to meraním v X-báze."
traps.4.0.q,"Medzi dve H vložíme meranie v Z-báze a výsledok zabudneme. Prečo už nedostaneme 0 s istotou?"
traps.4.0.options.0,"meranie zničilo koherenciu (mimodiagonálne prvky ρ)"
traps.4.0.options.1,"meranie pokazilo hradlo"
traps.4.0.options.2,"qubit sa unavil"
traps.4.0.why,"Bez fázového vzťahu nemá druhé H čo premeniť na interferenciu."
traps.4.1.q,"Matica hustoty sa označuje…"
traps.4.1.options.0,"ρ (ró)"
traps.4.1.options.1,"p"
traps.4.1.options.2,"P"
traps.4.1.why,"Grécke ró. Písmeno p je hybnosť alebo pravdepodobnosť."
traps.4.2.q,"Ktorá veta je správna?"
traps.4.2.options.0,"Superpozícia a zmes môžu mať rovnaké Z-štatistiky, ale líšia sa pri interferencii."
traps.4.2.options.1,"Superpozícia znamená, že nevieme, v ktorom stave qubit je."
traps.4.2.options.2,"Kvantový počítač vyskúša všetky možnosti a vyberie správnu."
traps.4.2.why,"Superpozícia nie je neznalosť a kvantový paralelizmus nie je 2ⁿ procesorov."
traps.5.0.q,"Čo je ⟨φ|ψ⟩?"
traps.5.0.options.0,"komplexné číslo (amplitúda)"
traps.5.0.options.1,"operátor"
traps.5.0.options.2,"pravdepodobnosť"
traps.5.0.why,"Pravdepodobnosť je až |⟨φ|ψ⟩|²."
traps.5.1.q,"Čo je |ψ⟩⟨φ|?"
traps.5.1.options.0,"operátor (matica)"
traps.5.1.options.1,"číslo"
traps.5.1.options.2,"stav"
traps.5.1.why,"Stĺpec krát riadok = matica. Poradie je významové!"
traps.5.2.q,"Vlnová funkcia ψ(x) je…"
traps.5.2.options.0,"reprezentácia stavu v polohovej báze: ⟨x|ψ⟩"
traps.5.2.options.1,"samotný abstraktný stav"
traps.5.2.options.2,"pravdepodobnosť nájdenia častice"
traps.5.2.why,"Ten istý |ψ⟩ má aj hybnostnú reprezentáciu ⟨p|ψ⟩."
traps.6.0.q,"Čo „osciluje“ pri Rabiho osciláciách?"
traps.6.0.options.0,"amplitúdy a pravdepodobnosti výsledkov"
traps.6.0.options.1,"elektrón medzi dvoma polohami"
traps.6.0.options.2,"magnet v prístroji"
traps.6.0.why,"Nič sa mechanicky nekýve — mení sa stav."
traps.6.1.q,"Precesia okolo osi z pri meraní v Z-báze…"
traps.6.1.options.0,"nemení P(0) ani P(1), mení fázu"
traps.6.1.options.1,"preklápa spin"
traps.6.1.options.2,"zväčšuje energiu"
traps.6.1.why,"Rotácia okolo z = zmena relatívnej fázy."
traps.6.2.q,"NMR signál (napr. SpinQ) zodpovedá…"
traps.6.2.options.0,"strednej hodnote priečnej magnetizácie ansámblu"
traps.6.2.options.1,"jednému výsledku jednej molekuly"
traps.6.2.options.2,"kolapsu jedného spinu"
traps.6.2.why,"Meriame súbor molekúl naraz."
traps.6.3.q,"Blochov vektor sa vplyvom T₂ skráti na polovicu. Stav je…"
traps.6.3.options.0,"zmiešaný (vnútri sféry)"
traps.6.3.options.1,"stále čistý"
traps.6.3.options.2,"neplatný"
traps.6.3.why,"|r| < 1 → zmiešaný stav. Normalizácia (stopa [[ρ = 1]]) však stále platí."
traps.7.0.q,"Alice zmení svoju meraciu os. Čo uvidí Bob vo svojich výsledkoch?"
traps.7.0.options.0,"stále 50/50 — nič sa nezmení"
traps.7.0.options.1,"okamžitú zmenu štatistiky"
traps.7.0.options.2,"správu od Alice"
traps.7.0.why,"Previazanosť neumožňuje signalizáciu. Korelácie vidno až po porovnaní."
traps.7.1.q,"Prečo previazaný qubit nemá šípku na Blochovej sfére?"
traps.7.1.options.0,"nemá vlastný čistý stav — jeho redukovaný stav je zmes"
traps.7.1.options.1,"lebo je pokazený"
traps.7.1.options.2,"lebo sa točí príliš rýchlo"
traps.7.1.why,"Celok je čistý, časť je zmiešaná — „celok je viac než súčet častí“."
traps.7.2.q,"Porušenie Bellovej nerovnosti znamená…"
traps.7.2.options.0,"nemožno zároveň zachovať lokálnosť a predexistujúce hodnoty"
traps.7.2.options.1,"kvantová mechanika je vyvrátená"
traps.7.2.options.2,"informácia letí rýchlejšie ako svetlo"
traps.7.2.why,"Bohm volí nelokálnosť, operačný prístup opúšťa predexistujúce hodnoty."
traps.8.0.q,"„Elektrón neexistuje, kým sa naň nepozrieme.“ Je to presné vyjadrenie Bohra?"
traps.8.0.options.0,"Nie — Bohr žiadal uviesť experimentálne podmienky opisu javu."
traps.8.0.options.1,"Áno, presne tak to tvrdil."
traps.8.0.why,"Bohrovi išlo o jednoznačnú komunikáciu výsledkov, nie o popieranie existencie."
traps.8.1.q,"Komplementarita je…"
traps.8.1.options.0,"štruktúrovaný pluralizmus opisu (nezlučiteľné experimentálne rámce)"
traps.8.1.options.1,"relativizmus — každý má svoju pravdu"
traps.8.1.options.2,"psychologický vplyv pozorovateľa"
traps.8.1.why,"Každý opis je presný a objektívny v rámci svojich podmienok."
traps.8.2.q,"Spája výsledok merania vedomie pozorovateľa?"
traps.8.2.options.0,"Nie — rozhoduje fyzikálna interakcia a usporiadanie experimentu."
traps.8.2.options.1,"Áno, vedomie vytvára výsledok."
traps.8.2.why,"Úloha vedomia z kvantového formalizmu nevyplýva."
traps.8.3.q,"Ktorá otázka je EPISTEMOLOGICKÁ?"
traps.8.3.options.0,"Čo o tom môžeme vedieť?"
traps.8.3.options.1,"Čo existuje?"
traps.8.3.options.2,"Ako sa nám jav ukazuje?"
traps.8.3.why,"Ontológia = čo existuje, fenomenológia = ako sa jav ukazuje."
traps.8.4.q,"Bohmova mechanika je…"
traps.8.4.options.0,"deterministická, so skrytými premennými, ale nelokálna"
traps.8.4.options.1,"lokálna a deterministická"
traps.8.4.options.2,"vyvrátená Bellovými nerovnosťami"
traps.8.4.why,"Bell vylučuje LOKÁLNE skryté premenné, Bohmove sú nelokálne."
l8.kant.lines.0,"Moja <i>Kritika čistého rozumu</i> hovorí: „Podmienky možnosti skúsenosti sú zároveň podmienkami možnosti predmetov skúsenosti.“"
l8.kant.lines.1,"Vaša kvantová mechanika to radikalizuje: <b>kvantový stav reprezentuje podmienky možnosti výsledku</b>, nie výsledok samotný."
l8.kant.q.q,"Čo podľa prednášky reprezentuje kvantový stav?"
l8.kant.q.options.0,"podmienky možnosti výsledku (štruktúru možných odpovedí)"
l8.kant.q.options.1,"skrytý zoznam hodnôt všetkých veličín"
l8.kant.q.options.2,"vedomie pozorovateľa"
l8.kant.q.why,"Stav je pravidlo pre predpovede, nie zoznam klasických vlastností."
l8.wittg.lines.0,"„Hranice môjho jazyka znamenajú hranice môjho sveta.“ A neskôr: „Význam slova je jeho použitie v jazyku.“"
l8.wittg.lines.1,"Výrazy „spin hore“ či „meranie v osi z“ sú pravidlá <b>gramatiky</b> fyzikálnych výpovedí. Mimochodom — pôvodne som študoval inžinierstvo, lietadlá."
l8.wittg.q.q,"Hovoriť o „hodnote spinu bez merania“ je podľa prednášky…"
l8.wittg.q.options.0,"porušenie gramatiky kvantovej teórie"
l8.wittg.q.options.1,"hlbší ontologický opis"
l8.wittg.q.options.2,"zakázané zákonom"
l8.wittg.q.why,"Hodnota spinu má význam len v kontexte meracej procedúry."
l8.stodola.lines.0,"Dobrý deň, rodák z Liptovského Mikuláša, profesor na ETH v Zürichu — parné a plynové turbíny."
l8.stodola.lines.1,"Teórie hodnotím podľa toho, či vedia <b>spoľahlivo konštruovať</b> vzťahy medzi príčinami a dôsledkami. Kvantová mechanika je funkčný konštrukčný rámec, nie „obraz mikrosveta, aký je“."
l8.stodola.q.q,"Kolaps v kvantovom inžinierstve je…"
l8.stodola.q.options.0,"fyzický proces readoutu: zosilnenie, prepojenie s makrosvetom, zápis do registra"
l8.stodola.q.options.1,"metafyzický skok bez príčiny"
l8.stodola.q.options.2,"dôsledok toho, že sa na qubit pozrie človek"
l8.stodola.q.why,"Je ireverzibilný a disipatívny — inžinierska operácia, nie dodatočný axióm."
l8.bohm.lines.0,"Ja tvrdím, že častica má <b>vždy presnú polohu</b> a vedie ju <b>pilotná vlna</b>. Vlnová funkcia nikdy nekolabuje. Výsledok merania je odhalený, nie vytvorený."
l8.bohm.lines.1,"Platím za to vysokú cenu: moja teória musí byť <b>nelokálna</b>."
l8.bohm.q.q,"Akú cenu platí Bohmova mechanika za determinizmus?"
l8.bohm.q.options.0,"nelokálnosť"
l8.bohm.q.options.1,"porušenie zákona zachovania energie"
l8.bohm.q.options.2,"nesúhlas s experimentom"
l8.bohm.q.why,"Bellove nerovnosti vylučujú LOKÁLNE skryté premenné; Bohmove sú nelokálne."
l8.heis.lines.0,"Na ostrove Helgoland som roku 1925 našiel maticovú mechaniku. V knihe <i>Physics and Philosophy</i> píšem: nepozorujeme prírodu samu osebe, ale prírodu vystavenú <b>nášmu spôsobu kladenia otázok</b>."
l8.heis.lines.1,"A o neurčitosti: [[Δx · Δp ≥ ħ/2]]."
l8.heis.q.q,"Čo vyjadruje [[Δx · Δp ≥ ħ/2]]?"
l8.heis.q.options.0,"vlastnosť stavu: polohu a hybnosť nemožno mať zároveň ostro určené"
l8.heis.q.options.1,"iba nepresnosť meracieho prístroja"
l8.heis.q.options.2,"Δ = zmena polohy za čas"
l8.heis.q.why,"Δ tu znamená smerodajnú odchýlku (neurčitosť) výsledkov na rovnako pripravených systémoch."
l8.noether.lines.0,"Moja veta: ku každej spojitej symetrii patrí zákon zachovania. Čas → energia, rotácia → moment hybnosti."
l8.noether.lines.1,"Prednáška hovorí: <b>pred meraním existuje spin ako symetria</b> — štruktúra možností; <b>po meraní ako fakt</b>. Symetria hovorí, čo sa <i>môže</i> stať, nie čo sa stane."
l8.noether.q.q,"Pred meraním existuje spin podľa prednášky ako…"
l8.noether.q.options.0,"symetria — štruktúra možných odpovedí"
l8.noether.q.options.1,"konkrétna šípka hore alebo dole"
l8.noether.q.options.2,"nič, spin vôbec neexistuje"
l8.noether.q.why,"Hodnota vzniká až v konkrétnom experimentálnom rámci."
l0.intro.0,"Vitaj v <b>Sieni symbolov</b> — v leveli 0. Skôr než ti mentori začnú písať rovnice, spoznáš ich <b>symboly</b>: čo každý z nich v kvantovej mechanike znamená."
l0.intro.1,"Na každom zo {0} podstavcov stojí jeden symbol ako malý 3D pokus, ktorý sa hýbe sám. Pozoruj, <b>čo sa deje</b>: čo sa mení, čo ostáva a čo z toho vyplýva pre výsledky merania."
l0.intro.2,"Po každom symbole ti položím otázku, po každej kapitole príde opakovanie a na konci veľká skúška. Kamerou môžeš kedykoľvek otáčať."
l0.chapter.1,"<b>1. kapitola — stav a amplitúdy.</b> Z čoho sa skladá kvantový stav a ako sa naň pýtame."
l0.chapter.2,"<b>2. kapitola — uhly a fázy.</b> Čo mení pravdepodobnosti a čo len otáča fázu."
l0.chapter.3,"<b>3. kapitola — operátory, pravdepodobnosť a matica hustoty.</b> Čo so stavom robíme a čo z neho nameriame."
l0.chapter.4,"<b>4. kapitola — konštanty, meranie a dynamika.</b> Prírodné konštanty, kolaps pri meraní a veličiny, ktoré riadia pohyb stavu."
l0.review,"Opakovanie kapitoly {0}: {1} otázok k tomu, čo si práve videl(a). Kľudne sa pozri po podstavcoch — všetky sa stále hýbu."
l0.finale.intro,"Všetky podstavce svietia. Teraz <b>veľká skúška</b>: {0} otázok naprieč celou sieňou."
l0.finale.done,"Sieň symbolov dokončená! Hodnotenie: <b>{0}</b> (chyby: {1} z {2} otázok). Teraz vieš, čo znamenajú symboly v rovniciach mentorov."
l0.alpha.lines.0,"Toto je [[α]] — <b>amplitúda stavu |0⟩</b>: komplexné číslo, ktoré stav pripisuje výsledku 0. Šípka mieri k severnému pólu Blochovej gule, k |0⟩."
l0.alpha.lines.1,"Dĺžka šípky je [[|α|]] a určuje, ako často padne 0: [[P(0) = |α|²]]. Ručička, ktorá krúži pri hrote, je <b>fáza</b> α — na P(0) sama nemá vplyv."
l0.alpha.q1.q,"Čo je α v stave [[|ψ⟩ = α|0⟩ + β|1⟩]]?"
l0.alpha.q1.o.0,"komplexná amplitúda výsledku 0"
l0.alpha.q1.o.1,"pravdepodobnosť výsledku 0"
l0.alpha.q1.o.2,"uhol sklonu šípky"
l0.alpha.q1.why,"α je amplitúda; pravdepodobnosť je až [[|α|²]]."
l0.alpha.q2.q,"|α| narastie z 0,6 na 0,8. Čo sa stane s P(0)?"
l0.alpha.q2.o.0,"narastie z 0,36 na 0,64"
l0.alpha.q2.o.1,"nezmení sa"
l0.alpha.q2.o.2,"narastie z 0,6 na 0,8"
l0.alpha.q2.why,"[[P(0) = |α|²]]: 0,6² = 0,36, 0,8² = 0,64."
l0.beta.lines.0,"[[β]] je <b>amplitúda stavu |1⟩</b> — šípka mieri dole, k južnému pólu. Spolu s α tvorí celý stav qubitu: [[|ψ⟩ = α|0⟩ + β|1⟩]]."
l0.beta.lines.1,"Pravdepodobnosti sa musia sčítať na jednotku: [[|α|² + |β|² = 1]]. Keď sa jedna šípka predĺži, druhá sa musí skrátiť."
l0.beta.q1.q,"Ak [[|α|² = 0,7]], koľko je [[|β|²]]?"
l0.beta.q1.o.0,"0,3"
l0.beta.q1.o.1,"0,7"
l0.beta.q1.o.2,"0,49"
l0.beta.q1.why,"Normalizácia: [[|α|² + |β|² = 1]], teda 1 − 0,7 = 0,3."
l0.beta.q2.q,"K akému výsledku patrí β?"
l0.beta.q2.o.0,"k výsledku 1 (stav |1⟩, južný pól)"
l0.beta.q2.o.1,"k výsledku 0 (stav |0⟩)"
l0.beta.q2.o.2,"k obom rovnako"
l0.beta.q2.why,"β je koeficient pri |1⟩; [[|β|²]] je pravdepodobnosť výsledku 1."
l0.ket.lines.0,"[[|ψ⟩]], [[|0⟩]], [[|1⟩]], [[|+⟩]] sú <b>kety</b> — stavy. Ket je stĺpec amplitúd: všetko, čo sa o systéme dá predpovedať."
l0.ket.lines.1,"|0⟩ a |1⟩ sú póly — istý výsledok merania v osi z. [[|+⟩ = (|0⟩ + |1⟩)/√2]] leží na rovníku: v osi z dá 0 aj 1 s pravdepodobnosťou ½, ale v osi x dá istý výsledok."
l0.ket.q1.q,"Čo opisuje ket [[|ψ⟩]]?"
l0.ket.q1.o.0,"stav systému — z neho vyplývajú pravdepodobnosti všetkých meraní"
l0.ket.q1.o.1,"jeden konkrétny výsledok merania"
l0.ket.q1.o.2,"polohu častice v priestore"
l0.ket.q1.why,"Ket je stav: pravidlo pre predpovede, nie výsledok ani dráha."
l0.ket.q2.q,"Stav [[|+⟩]] meriame v osi z. Čo dostaneme?"
l0.ket.q2.o.0,"0 alebo 1, každé s pravdepodobnosťou ½"
l0.ket.q2.o.1,"vždy 0"
l0.ket.q2.o.2,"vždy „+“"
l0.ket.q2.why,"V osi z je |+⟩ rovnomerná superpozícia; istý výsledok dáva len meranie v osi x."
l0.bra.lines.0,"[[⟨a|]] je <b>bra</b> — otázka „je systém v stave a?“. Matematicky riadok: komplexne združený a transponovaný ket."
l0.bra.lines.1,"Keď sa bra stretne s ketom, vznikne <b>jedno číslo</b>: [[⟨a|ψ⟩]] je amplitúda, že pri meraní nájdeme stav a. Pravdepodobnosť je [[|⟨a|ψ⟩|²]]."
l0.bra.q1.q,"Čo je [[⟨a|ψ⟩]]?"
l0.bra.q1.o.0,"jedno komplexné číslo — amplitúda"
l0.bra.q1.o.1,"nový stav"
l0.bra.q1.o.2,"operátor"
l0.bra.q1.why,"Bra krát ket = číslo. Naopak [[|ψ⟩⟨a|]] by bol operátor."
l0.bra.q2.q,"Ako z [[⟨a|ψ⟩]] dostaneme pravdepodobnosť výsledku a?"
l0.bra.q2.o.0,"[[P(a) = |⟨a|ψ⟩|²]]"
l0.bra.q2.o.1,"[[P(a) = ⟨a|ψ⟩]]"
l0.bra.q2.o.2,"[[P(a) = ⟨ψ|a⟩ + ⟨a|ψ⟩]]"
l0.bra.q2.why,"Bornovo pravidlo: druhá mocnina absolútnej hodnoty amplitúdy."
l0.theta.lines.0,"[[θ]] je <b>uhol sklonu</b> šípky stavu od severného pólu |0⟩. Pri θ = 0 je stav |0⟩, pri θ = π je |1⟩, pri θ = π/2 leží na rovníku."
l0.theta.lines.1,"θ určuje pravdepodobnosti v osi z: [[P(0) = cos²(θ/2)]], [[P(1) = sin²(θ/2)]]. Pozri, ako stĺpy P(0) a P(1) sledujú sklon."
l0.theta.q1.q,"Aký je P(0) pri [[θ = π/2]]?"
l0.theta.q1.o.0,"½"
l0.theta.q1.o.1,"0"
l0.theta.q1.o.2,"1"
l0.theta.q1.why,"[[cos²(π/4) = ½]] — stav na rovníku dá 0 aj 1 rovnako často."
l0.theta.q2.q,"θ rastie od 0 po π. Čo sa stane s P(1)?"
l0.theta.q2.o.0,"narastie od 0 po 1"
l0.theta.q2.o.1,"nič — θ je fáza"
l0.theta.q2.o.2,"klesne od 1 po 0"
l0.theta.q2.why,"[[P(1) = sin²(θ/2)]]: 0 na severnom póle, 1 na južnom."
l0.phi.lines.0,"[[φ]] je <b>relatívna fáza</b> — uhol šípky stavu okolo zvislej osi z: [[|ψ⟩ = cos(θ/2)|0⟩ + e<sup>iφ</sup> sin(θ/2)|1⟩]]."
l0.phi.lines.1,"Kým sa φ otáča, P(0) a P(1) sa <b>nemenia</b>: meranie v osi z fázu nevidí. Vidia ju merania v osiach x a y a rozhoduje o <b>interferencii</b>."
l0.phi.q1.q,"Šípka stavu sa otáča po rovníku (mení sa len φ). Čo sa stane s P(0) a P(1) v osi z?"
l0.phi.q1.o.0,"nič — závisia len od θ"
l0.phi.q1.o.1,"P(0) narastie"
l0.phi.q1.o.2,"vymenia sa"
l0.phi.q1.why,"φ je otočka okolo z; pravdepodobnosti v osi z určuje len θ."
l0.phi.q2.q,"Čím sa líšia stavy [[|+⟩]] a [[|−⟩]]?"
l0.phi.q2.o.0,"relatívnou fázou π"
l0.phi.q2.o.1,"pravdepodobnosťou P(0)"
l0.phi.q2.o.2,"ničím — sú rovnaké"
l0.phi.q2.why,"[[|±⟩ = (|0⟩ ± |1⟩)/√2]]: rovnaké P(0) = ½, iná relatívna fáza — meranie v osi x ich rozlíši."
l0.gamma.lines.0,"[[γ]] je <b>globálna fáza</b>: spoločný faktor [[e<sup>iγ</sup>]] pred celým stavom. Otáča obe amplitúdy, α aj β, o ten istý uhol."
l0.gamma.lines.1,"Pomery a relatívne fázy amplitúd sa nezmenia, preto [[e<sup>iγ</sup>|ψ⟩]] a [[|ψ⟩]] sú <b>fyzikálne ten istý stav</b> — žiadne meranie ich nerozlíši. Pozri: stĺpy sa nepohnú."
l0.gamma.q1.q,"Prečo globálnu fázu γ nezachytí žiadne meranie?"
l0.gamma.q1.o.0,"otáča všetky amplitúdy spolu, nič relatívne sa nemení"
l0.gamma.q1.o.1,"je príliš malá"
l0.gamma.q1.o.2,"existuje len na ostrove"
l0.gamma.q1.why,"Merania vidia len [[|amplitúdy|²]] a relatívne fázy; spoločné [[e<sup>iγ</sup>]] sa v nich vykráti."
l0.gamma.q2.q,"Sú [[|ψ⟩]] a [[−|ψ⟩]] rozlíšiteľné meraním?"
l0.gamma.q2.o.0,"nie — líšia sa len globálnou fázou π"
l0.gamma.q2.o.1,"áno — majú opačné pravdepodobnosti"
l0.gamma.q2.o.2,"áno, v osi x"
l0.gamma.q2.why,"[[−1 = e<sup>iπ</sup>]] pred celým stavom je globálna fáza."
l0.expi.lines.0,"[[e<sup>iφ</sup>]] je <b>fázový faktor</b>: komplexné číslo dĺžky 1 pod uhlom φ, [[e<sup>iφ</sup> = cos φ + i sin φ]]. Násobenie ním amplitúdu len otočí, dĺžku nezmení."
l0.expi.lines.1,"[[i = e<sup>iπ/2</sup>]] je otočenie o 90° — pozri, ako malé hodiny cvakajú po štvrtinách. Dve štvrtiny dajú pol otáčky: [[i² = e<sup>iπ</sup> = −1]]."
l0.expi.q1.q,"Čo urobí s amplitúdou násobenie [[e<sup>iφ</sup>]]?"
l0.expi.q1.o.0,"otočí ju o uhol φ, veľkosť ostane"
l0.expi.q1.o.1,"natiahne ju φ-krát"
l0.expi.q1.o.2,"vynuluje ju"
l0.expi.q1.why,"[[|e<sup>iφ</sup>| = 1]]: mení sa len fáza."
l0.expi.q2.q,"Koľkokrát treba vynásobiť číslo 1 číslom i, aby sme dostali −i?"
l0.expi.q2.o.0,"3-krát (270°)"
l0.expi.q2.o.1,"1-krát"
l0.expi.q2.o.2,"4-krát"
l0.expi.q2.why,"1 → i → −1 → −i. Štvrté násobenie by nás vrátilo na 1."
l0.ops.lines.0,"[[X]], [[Y]], [[Z]], [[H]], [[S]], [[T]] sú <b>operátory</b> — hradlá. Operátor pôsobí na stav napravo od seba a vráti nový stav: v [[H|0⟩ = |+⟩]] hradlo H zmení |0⟩ na |+⟩."
l0.ops.lines.1,"[[X]] preklopí |0⟩ ↔ |1⟩, [[Z]] otočí fázu (|+⟩ ↔ |−⟩), [[H]] vymení osi z ↔ x, [[S]] a [[T]] otočia okolo z o 90° a 45°. [[Ĥ]] je hamiltonián — energia, ktorá riadi vývoj v čase; [[Â]] je meraná veličina."
l0.ops.q1.q,"V zápise [[H|0⟩]]: čo pôsobí na čo?"
l0.ops.q1.o.0,"hradlo H pôsobí na stav |0⟩ napravo od neho"
l0.ops.q1.o.1,"|0⟩ pôsobí na H"
l0.ops.q1.o.2,"násobia sa ako dve čísla"
l0.ops.q1.why,"Operátor pôsobí doprava: [[H|0⟩ = |+⟩]]."
l0.ops.q2.q,"Ktoré hradlo vymení osi z ↔ x (pól ↔ rovník)?"
l0.ops.q2.o.0,"H — Hadamard"
l0.ops.q2.o.1,"X"
l0.ops.q2.o.2,"S"
l0.ops.q2.o.3,"I"
l0.ops.q2.why,"H: [[|0⟩ ↔ |+⟩]], [[|1⟩ ↔ |−⟩]]. X preklápa 0 ↔ 1, S je štvrť otáčky okolo z, I nerobí nič."
l0.P.lines.0,"[[P]] je <b>pravdepodobnosť</b> výsledku merania — číslo od 0 do 1 (0 až 100 %). Hovorí, ako často výsledok padne pri mnohých opakovaniach."
l0.P.lines.1,"Pravdepodobnosť už <b>nemá fázu</b>: je to to, čo merania naozaj počítajú. Amplitúdy interferujú, pravdepodobnosti sa len merajú."
l0.P.q1.q,"Čo znamená [[P(0) = 0,5]]?"
l0.P.q1.o.0,"pri mnohých meraniach padne 0 asi v polovici prípadov"
l0.P.q1.o.1,"qubit je napoly v stave 0"
l0.P.q1.o.2,"každé meranie dá „pol nuly“"
l0.P.q1.why,"Pravdepodobnosť je o štatistike opakovaných meraní; jedno meranie dá vždy celý výsledok."
l0.P.q2.q,"Ktoré tvrdenie je správne?"
l0.P.q2.o.0,"interferujú amplitúdy, pravdepodobnosť počítame až potom"
l0.P.q2.o.1,"interferujú pravdepodobnosti"
l0.P.q2.o.2,"pravdepodobnosť môže byť záporná"
l0.P.q2.why,"[[P = |A₁ + A₂|²]] — najprv amplitúdy, potom štvorec; P je vždy medzi 0 a 1."
l0.sq.lines.0,"[[|α|²]] — <b>Bornovo pravidlo</b>: pravdepodobnosť je druhá mocnina absolútnej hodnoty amplitúdy, [[|α|² = α·α*]]."
l0.sq.lines.1,"Pozri: pri [[|…|²]] sa ručička zastaví — <b>fáza sa vykráti</b> a ostane len dĺžka na druhú. Ručička dĺžky 0,5 dá [[P = 0,25]]."
l0.sq.q1.q,"Čo urobí [[|α|²]] s fázou α?"
l0.sq.q1.o.0,"vykráti ju — v pravdepodobnosti fáza nie je"
l0.sq.q1.o.1,"zdvojnásobí ju"
l0.sq.q1.o.2,"ponechá ju"
l0.sq.q1.why,"[[|α|² = α·α*]]: fázy α a α* sa navzájom zrušia."
l0.sq.q2.q,"Amplitúda [[α = 0,6i]]. Aká je pravdepodobnosť?"
l0.sq.q2.o.0,"0,36"
l0.sq.q2.o.1,"−0,36"
l0.sq.q2.o.2,"0,6"
l0.sq.q2.why,"[[|α|² = 0,6i·(−0,6i) = 0,36]]. Pravdepodobnosť nikdy nie je záporná."
l0.rho.lines.0,"[[ρ]] je <b>matica hustoty</b> — tabuľka 2 × 2, ktorá opíše aj stavy, o ktorých nevieme všetko (zmesi). Na diagonále sú pravdepodobnosti: [[ρ₀₀ = P(0)]], [[ρ₁₁ = P(1)]]."
l0.rho.lines.1,"Mimo diagonály sú <b>koherencie</b> [[ρ₀₁]]: nesú relatívnu fázu medzi |0⟩ a |1⟩. Keď stav „odmeria“ okolie, koherencie slabnú — to je <b>dekoherencia</b> a s ňou mizne interferencia. Diagonála sa pritom nemení."
l0.rho.q1.q,"Mimodiagonálne prvky ρ slabnú k nule. Čo sa deje?"
l0.rho.q1.o.0,"dekoherencia — stráca sa interferencia"
l0.rho.q1.o.1,"menia sa pravdepodobnosti P(0), P(1)"
l0.rho.q1.o.2,"stav skolabuje do |0⟩"
l0.rho.q1.why,"Koherencie nesú fázové vzťahy; ich zánik je dekoherencia, diagonála ostáva."
l0.rho.q2.q,"Čo je na diagonále ρ?"
l0.rho.q2.o.0,"pravdepodobnosti výsledkov 0 a 1"
l0.rho.q2.o.1,"koherencie"
l0.rho.q2.o.2,"globálna fáza"
l0.rho.q2.why,"[[ρ₀₀ = P(0)]], [[ρ₁₁ = P(1)]]; koherencie sú mimo diagonály."
l0.const.lines.0,"[[ħ]] je <b>redukovaná Planckova konštanta</b>, [[ħ = h/2π]]: mierka kvantového sveta — spin elektrónu má priemet ±ħ/2. [[π]] je pol otáčky (180°): z |0⟩ na |1⟩ na Blochovej guli."
l0.const.lines.1,"[[Σ]] znamená súčet, [[∂/∂t]] rýchlosť zmeny v čase a [[⊗]] <b>tenzorový súčin</b>: spája systémy, napr. [[|0⟩ ⊗ |1⟩ = |01⟩]] — rozmery sa násobia."
l0.const.q1.q,"Aký priemet spinu nameriame na elektróne v Sternovom–Gerlachovom pokuse?"
l0.const.q1.o.0,"+ħ/2 alebo −ħ/2"
l0.const.q1.o.1,"ľubovoľnú hodnotu od −ħ po +ħ"
l0.const.q1.o.2,"vždy 0"
l0.const.q1.why,"Spin ½ má v zvolenom smere len dve hodnoty: ±ħ/2."
l0.const.q2.q,"Dva qubity spojené tenzorovým súčinom ⊗ — koľko amplitúd má ich stav?"
l0.const.q2.o.0,"4 (2 × 2)"
l0.const.q2.o.1,"2 (2 + 2)"
l0.const.q2.o.2,"1"
l0.const.q2.why,"[[⊗]] násobí rozmery: |00⟩, |01⟩, |10⟩, |11⟩."
l0.collapse.lines.0,"<b>Meranie</b>: pred ním má stav dva členy, |0⟩ s amplitúdou α a |1⟩ s amplitúdou β. Meranie dá <b>jeden</b> výsledok — 0 s pravdepodobnosťou [[|α|²]], 1 s pravdepodobnosťou [[|β|²]]."
l0.collapse.lines.1,"Po meraní je stav celý v nameranom výsledku (<b>kolaps</b>): druhý člen zmizne a opakované meranie dá to isté. Pôvodná superpozícia aj jej fáza sú stratené."
l0.collapse.q1.q,"Stav [[(|0⟩ + |1⟩)/√2]] zmeriame a dostaneme 1. Čo dá ďalšie meranie v osi z?"
l0.collapse.q1.o.0,"vždy 1"
l0.collapse.q1.o.1,"0 alebo 1 po 50 %"
l0.collapse.q1.o.2,"vždy 0"
l0.collapse.q1.why,"Po meraní je stav |1⟩; opakované meranie v tej istej osi dá istý výsledok."
l0.collapse.q2.q,"Čo sa stratí pri meraní v osi z?"
l0.collapse.q2.o.0,"superpozícia aj relatívna fáza pôvodného stavu"
l0.collapse.q2.o.1,"nič — stav ostane rovnaký"
l0.collapse.q2.o.2,"len globálna fáza"
l0.collapse.q2.why,"Kolaps vyberie jeden člen; informácia o fáze medzi |0⟩ a |1⟩ zmizne."
l0.srn.lines.0,"[[σ]] sú <b>Pauliho matice</b> σ<sub>x</sub>, σ<sub>y</sub>, σ<sub>z</sub> — spin v troch osiach naraz. [[r]] je <b>Blochov vektor</b>: [[r = (⟨X⟩, ⟨Y⟩, ⟨Z⟩)]]; dĺžka 1 = čistý stav, kratší = zmes."
l0.srn.lines.1,"[[n]] je <b>smer merania</b> — os, na ktorú sa pýtame. Pravdepodobnosť výsledku „+“ je [[P(+n) = ½(1 + r·n)]]: čím viac r mieri pozdĺž n, tým je vyššia."
l0.srn.q1.q,"Blochov vektor r sa skracuje dovnútra gule. Čo to znamená?"
l0.srn.q1.o.0,"stav sa stáva zmesou"
l0.srn.q1.o.1,"stav sa mení na |0⟩"
l0.srn.q1.o.2,"pôsobilo hradlo"
l0.srn.q1.why,"[[|r| = 1]] je čistý stav na povrchu, [[|r| < 1]] zmes vo vnútri, stred je úplná zmes."
l0.srn.q2.q,"Stav mieri presne pozdĺž osi merania n (r = n). Aké je P(+n)?"
l0.srn.q2.o.0,"1"
l0.srn.q2.o.1,"½"
l0.srn.q2.o.2,"0"
l0.srn.q2.why,"[[P(+n) = ½(1 + r·n) = ½(1 + 1) = 1]]."
l0.nmr.lines.0,"[[ω]] je <b>uhlová frekvencia precesie</b>: v magnetickom poli šípka spinu krúži okolo osi z, [[ω₀ = γB₀]]. Precesia mení len fázu φ, pravdepodobnosti v osi z ostávajú."
l0.nmr.lines.1,"[[Ω]] (Rabiho frekvencia) určuje, ako rýchlo rezonančný impulz <b>mení sklon θ</b>. [[Δ]] je <b>rozladenie</b> — o koľko sa frekvencia rádia líši od ω₀; pri Δ ≠ 0 sa spin úplne nepreklopí."
l0.nmr.q1.q,"Čo robí precesia s frekvenciou ω₀?"
l0.nmr.q1.o.0,"otáča fázu φ okolo osi z; P(0) a P(1) sa nemenia"
l0.nmr.q1.o.1,"preklápa spin z |0⟩ na |1⟩"
l0.nmr.q1.o.2,"zmršťuje Blochov vektor"
l0.nmr.q1.why,"Precesia je rotácia okolo z — mení len relatívnu fázu."
l0.nmr.q2.q,"Čo určuje Rabiho frekvencia Ω?"
l0.nmr.q2.o.0,"ako rýchlo sa počas impulzu mení sklon θ"
l0.nmr.q2.o.1,"rýchlosť precesie bez impulzu"
l0.nmr.q2.o.2,"silu dekoherencie"
l0.nmr.q2.why,"Pri rezonancii rastie θ rýchlosťou Ω; π-impulz preklopí |0⟩ na |1⟩."
l0.ptA.lines.0,"[[p]] je <b>sila dekoherencie</b>: koľko fázovej informácie si odnesie okolie. Koherencia sa zmenší na [[(1 − p)ρ₀₁]]; pri p = 1 je stav úplná zmes v báze z. [[t]] je čas."
l0.ptA.lines.1,"[[A]] je <b>amplitúda cesty</b>: každá nerozlíšiteľná cesta k výsledku nesie vlastnú amplitúdu. Najprv sa sčítajú, až potom umocní: [[P = |A₁ + A₂|²]]. Keď mieria proti sebe, výsledok nepadne vôbec."
l0.ptA.q1.q,"Dve cesty s amplitúdami [[A₁ = ½]] a [[A₂ = −½]]. Aká je pravdepodobnosť výsledku?"
l0.ptA.q1.o.0,"0 — amplitúdy sa vyrušia"
l0.ptA.q1.o.1,"½"
l0.ptA.q1.o.2,"¼"
l0.ptA.q1.why,"[[P = |½ − ½|² = 0]]: deštruktívna interferencia."
l0.ptA.q2.q,"Čo spôsobí silná dekoherencia (p → 1) v interferenčnom pokuse?"
l0.ptA.q2.o.0,"interferencia zmizne, pravdepodobnosti sa len sčítajú"
l0.ptA.q2.o.1,"interferencia zosilnie"
l0.ptA.q2.o.2,"nič"
l0.ptA.q2.why,"Bez koherencií niet interferenčného člena: [[P = |A₁|² + |A₂|²]]."
l0.final.1.q,"Ktorý zápis je stav (ket)?"
l0.final.1.o.0,"[[|ψ⟩]]"
l0.final.1.o.1,"[[⟨ψ|]]"
l0.final.1.o.2,"[[|ψ⟩⟨ψ|]]"
l0.final.1.why,"Ket |ψ⟩ je stav; ⟨ψ| je bra (otázka), |ψ⟩⟨ψ| je operátor (projektor)."
l0.final.2.q,"Čo z toho je číslo?"
l0.final.2.o.0,"[[⟨ψ|ψ⟩]]"
l0.final.2.o.1,"[[|ψ⟩⟨ψ|]]"
l0.final.2.o.2,"[[Ĥ|ψ⟩]]"
l0.final.2.why,"Bra krát ket = číslo (tu 1). |ψ⟩⟨ψ| je operátor, Ĥ|ψ⟩ je stav."
l0.final.3.q,"Ktorý uhol mení pravdepodobnosti v osi z?"
l0.final.3.o.0,"θ — sklon od pólu"
l0.final.3.o.1,"φ — relatívna fáza"
l0.final.3.o.2,"γ — globálna fáza"
l0.final.3.why,"[[P(0) = cos²(θ/2)]]; φ a γ sú fázy."
l0.final.4.q,"Ktorú fázu nevidí žiadne meranie?"
l0.final.4.o.0,"globálnu fázu γ"
l0.final.4.o.1,"relatívnu fázu φ"
l0.final.4.o.2,"žiadnu — každú fázu možno zmerať"
l0.final.4.why,"Globálna fáza sa vo všetkých pravdepodobnostiach vykráti; relatívnu fázu vidí meranie v osi x či y."
l0.final.5.q,"Ako počítame pravdepodobnosť pri dvoch nerozlíšiteľných cestách?"
l0.final.5.o.0,"[[P = |A₁ + A₂|²]] — najprv sčítať amplitúdy"
l0.final.5.o.1,"[[P = |A₁|² + |A₂|²]]"
l0.final.5.o.2,"[[P = A₁ + A₂]]"
l0.final.5.why,"Interferujú amplitúdy; pravdepodobnosť je až štvorec ich súčtu."
l0.final.6.q,"Čo urobí hradlo X so stavom |0⟩?"
l0.final.6.o.0,"zmení ho na |1⟩"
l0.final.6.o.1,"zmení ho na |+⟩"
l0.final.6.o.2,"nezmení ho"
l0.final.6.why,"X je otočenie o 180° okolo osi x: [[X|0⟩ = |1⟩]]."
l0.final.7.q,"Koherencie v ρ slabnú, diagonála ostáva. Stav…"
l0.final.7.o.0,"stráca interferenciu, ale pravdepodobnosti v osi z si drží"
l0.final.7.o.1,"skolabuje do |1⟩"
l0.final.7.o.2,"získava energiu"
l0.final.7.why,"Dekoherencia mení len mimodiagonálu ρ."
l0.final.8.q,"Ktorý Blochov vektor patrí úplne zmiešanému stavu?"
l0.final.8.o.0,"[[r = 0]] (stred gule)"
l0.final.8.o.1,"[[|r| = 1]] (povrch)"
l0.final.8.o.2,"r mieri k |0⟩"
l0.final.8.why,"Úplná zmes je [[ρ = I/2]] — Blochov vektor nulovej dĺžky."
l0.final.9.q,"Čo opisuje hamiltonián Ĥ?"
l0.final.9.o.0,"energiu systému — riadi jeho vývoj v čase"
l0.final.9.o.1,"jedno konkrétne hradlo"
l0.final.9.o.2,"pravdepodobnosť výsledku"
l0.final.9.why,"Schrödingerova rovnica: [[iħ ∂|ψ⟩/∂t = Ĥ|ψ⟩]]."
l0.final.10.q,"Koľko amplitúd má stav troch qubitov?"
l0.final.10.o.0,"8"
l0.final.10.o.1,"6"
l0.final.10.o.2,"3"
l0.final.10.why,"[[2 ⊗ 2 ⊗ 2]]: rozmery sa násobia, 2³ = 8."
