key,text
main.finale.1,"Підсумковий іспит із мови"
main.finale.2,"📝 Іспит"
main.finale.3,"Мовні пастки + рівняння · {0} питань"
main.finale.4,"Чудово! Останній іспит: <b>мовні пастки</b>. Обери правильне формулювання — у квантовому світі багато помилок роблять словами, а не обчисленнями."
main.finale.5,"Рівень пройдено! Оцінка: <b>{0}</b> (помилок: {1}, складність: {2}).<br>Нові картки знайдеш у <b>Кодексі</b> (клавіша C)."
main.eqIntroLines.1,"Ти граєш у режимі <b>∑ Експериментальна · спершу символи</b>. Над сценою ширяє <b>справжнє рівняння</b>, що діє саме зараз, — зі значеннями, які змінюються, коли ти щось робиш. Це площина в тому самому 3D-світі: вона нахиляється разом із камерою."
main.eqIntroLines.2,"Щоб рівняння можна було читати очима, воно має <b>мнемоніку</b>. Кожен символ — це <b>малюнок (гліф)</b>: літера з піктограмою того, що вона робить, — наведи мишу на α. Три головні правила: <b>колір = ХТО</b>, <b>розмір = СКІЛЬКИ</b>, <b>обертання = ФАЗА</b>. Усі правила й словник гліфів — під 🔑:"
main.eqIntroLines.3,"Перед кожним завданням я спершу покажу тобі його <b>рівняння</b> (картка ∑), а вже потім образ. Символи в розмовах мають ті самі кольори — α завжди синя, β завжди червона."
main.guideTalk.1.0,"Привіт! Ласкаво просимо на <b>Острів Гільберта</b>. Я — Іскра, іскорка світла, що проведе тебе островом. (Не плутай мене із символом амплітуди — той має модуль і фазу, а я просто світлю.)"
main.guideTalk.1.1,"А ти — <b>Псічко</b>, квантовий стан <b>ψ</b>. Ти не кулька з положенням і швидкістю. Ти — <i>правило для передбачень</i>: ти кажеш, які результати отримає кожен, хто тебе про щось запитає (виміряє)."
main.guideTalk.1.2,"Бачиш ту золоту стрілку, що обертається довкола тебе? Це твоя <b>глобальна фаза</b>. Вона обертається, але ніхто у світі не може її виміряти. Запам’ятай: <b>глобальну фазу неможливо спостерегти, а відносну — можна</b>."
main.guideTalk.1.3,"Довкола острова — 8 порталів. За кожним чекає наставник — Ейлер, Штерн, Блох, Фейнман, Дірак, Рабі, Белл і Бор. Вони навчать тебе <b>мови</b>, <b>символів</b> і <b>правильних образів</b> квантового світу."
main.guideTalk.1.4,"Над островом кружляє <b>Кетварр</b>, квантовий дракон. Кожен наставник навчить тебе одного <b>слова сили</b>. Коли матимеш усі вісім, піднімися на <b>Драконів пік</b> на півночі й перемож його."
main.guideTalk.1.5,"Мета — не обчислювати інтеграли. Мета — <b>інтуїція</b>: знати, що таке амплітуда, що таке ймовірність, що робить вимірювання і де класичні порівняння перестають працювати."
main.guideTalk.1.6,"Керування: <b>WASD</b> рух, <b>тягни мишею</b> — камера, <b>E</b> увійти/говорити, <b>C</b> Кодекс символів, <b>M</b> мапа, <b>H</b> довідка. Почни з порталу <b>1</b>!"
main.guideTalk.1.7,"Ти граєш в експериментальний тип із символами, тому в колі є додатковий портал <b>0 — Зала символів</b>. Він навчить читати кольори й форми рівнянь; раджу почати з нього."
main.guideTalk.1.8,"Ти новачок у квантовому світі? Перемкни складність (праворуч угорі) на <b>🫶 Для новачків</b> — я все поясню звичайними словами."
main.guideTalk.1.9,"І ще одне: острів повний <b>класичних хибних уявлень</b>. Борися з ними закляттями <b>1–7</b> (Tab = ціль, правий клік = атака), збирай досвід і гроші, купуй у <b>Планка</b> біля фонтана (B = сумки). Поговори зі мною ще раз — і я дам тобі перше завдання."
main.guideTalk.2,". Не забувай: <i>амплітуди інтерферують, імовірності лише вимірюються.</i>"
wow.QUESTS.1.0,"Луки за порталами кишать <b>Прихованими змінними</b>. Вони шепочуть, що результат був визначений наперед."
wow.QUESTS.1.1,"Белл довів, що жодні локальні приховані змінні не пояснять квантових кореляцій. Розвінчай <b>5</b> із них — і повертайся до мене."
wow.QUESTS.2,"Молодець. Пам’ятай: квантові ймовірності — це не просто наше незнання."
wow.QUESTS.3.0,"Більярдні електрони котяться островом так, ніби мають певну траєкторію."
wow.QUESTS.3.1,"Між вимірюваннями квантовий об’єкт не має траєкторії. Розбий <b>6</b> із них."
wow.QUESTS.4,"Траєкторія — це образ із класичної фізики. У тебе є кращий: стан та його амплітуди."
wow.QUESTS.5.0,"Атоми-планетки стверджують, що електрони обертаються навколо ядра, як планети навколо Сонця."
wow.QUESTS.5.1,"Такий електрон випромінював би й упав на ядро за соту частку мільярдної секунди. Збий <b>4</b>."
wow.QUESTS.6,"Орбіталь — не траєкторія, а розподіл амплітуд. Саме так."
wow.QUESTS.7.0,"Надсвітлові сигнали літають над мостом і обіцяють повідомлення швидше за світло."
wow.QUESTS.7.1,"Сплутаність дає кореляції, а не повідомлення — статистика Боба не залежить від вибору Аліси. Перехопи <b>4</b>."
wow.QUESTS.8,"Неможливість сигналізації діє. Теорія відносності з полегшенням зітхає."
wow.QUESTS.9.0,"Краєм острова блукають «мертво-живі» коти."
wow.QUESTS.9.1,"Суперпозиція — це не «обидва водночас»: стан дає ймовірності, вимірювання — один результат. Заспокой <b>4</b>."
wow.QUESTS.10,"Шредінгер був би задоволений. Його кіт був критикою, а не рецептом."
wow.QUESTS.11.0,"Сектанти свідомості проповідують, що світ колапсує, лише коли хтось дивиться."
wow.QUESTS.11.1,"Вимірювання — фізична взаємодія; декогеренція йде навіть у порожній лабораторії. Розжени <b>5</b>."
wow.QUESTS.12,"Острів очищено від хибних уявлень. Ти справжній квантовий маг."
l0.alpha.lines.0,"Це [[α]]: <b>амплітуда стану |0⟩</b>. Вона <b>завжди синя</b> — у рівнянні, у стрілках і в стовпчиках. Словесна підказка: <b>Альфа вказує вгору</b> — її стрілка дивиться на північний полюс |0⟩."
l0.alpha.lines.1,"Подивись, як синя стрілка «дихає»: її <b>довжина — це |α|</b> — <b>розмір = СКІЛЬКИ</b>. Гліф α у живому рівнянні росте й зменшується точнісінько так само. Маленька стрілка, що кружляє біля вістря, — її <b>фаза</b> — <b>обертання = ФАЗА</b>."
l0.alpha.q1.0,"Якого кольору α (амплітуда |0⟩) усюди в грі?"
l0.alpha.q1.1.0,"синього"
l0.alpha.q1.1.1,"червоного"
l0.alpha.q1.1.2,"золотого"
l0.alpha.q1.1.3,"бірюзового"
l0.alpha.q1.2,"α завжди синя. Червоний належить β, золотий — глобальній фазі, бірюзовий — кетам."
l0.alpha.q2.0,"Синя стрілка α подовжується. Що це означає?"
l0.alpha.q2.1.0,"|α| зросла — результат 0 став імовірнішим"
l0.alpha.q2.1.1,"змінилася фаза α"
l0.alpha.q2.1.2,"α перетворилася на β"
l0.alpha.q2.2,"Розмір = СКІЛЬКИ: довжина — це |α|, а [[P(0) = |α|²]]. Фазу показує обертання стрілки, а не довжина."
l0.beta.lines.0,"[[β]] — це <b>амплітуда стану |1⟩</b>, <b>завжди червона</b>. <b>Бета дивиться вниз</b> — її стрілка й риска гліфа спрямовані до південного полюса |1⟩."
l0.beta.lines.1,"Разом: [[|ψ⟩ = α|0⟩ + β|1⟩]] — синя вгорі, червона внизу, як полюси кулі Блоха. Коли в рівнянні наставника побачиш червоне, думай: «це частина |1⟩»."
l0.beta.q1.0,"Куди вказує стрілка β (і риска на її гліфі)?"
l0.beta.q1.1.0,"униз — до |1⟩, південного полюса"
l0.beta.q1.1.1,"угору — до |0⟩"
l0.beta.q1.1.2,"уперед по екватору"
l0.beta.q1.2,"Бета дивиться вниз: β і |1⟩ вказують униз, α і |0⟩ — угору."
l0.beta.q2.0,"Яка частина [[|ψ⟩ = α|0⟩ + β|1⟩]] намальована червоним?"
l0.beta.q2.1.0,"β — амплітуда |1⟩"
l0.beta.q2.1.1,"α"
l0.beta.q2.1.2,"|ψ⟩"
l0.beta.q2.1.3,"знак +"
l0.beta.q2.2,"Червоний = β. α синя, кети бірюзові, а + — звичайна дія (світло-синя)."
l0.ket.lines.0,"[[|ψ⟩]] [[|0⟩]] [[|1⟩]] — <b>кети</b> <b>бірюзові</b>, а їхня рамка <b>⟩ має вістря вперед</b>: кет — це <b>стан</b>, відповідь (стовпчик чисел). <b>Форма рамки = РІД</b> символу."
l0.ket.lines.1,"Риска видає полюс: |0⟩ має риску <b>вгорі</b>, |1⟩ — <b>внизу</b>, |+⟩ і |−⟩ вказують праворуч і ліворуч по екватору. А |ψ⟩ — це ти, увесь стан. Велике Ψ — стан цілої системи (кількох кубітів)."
l0.ket.q1.0,"Бірюзовий символ, рамка якого закінчується вістрям уперед ⟩, — це…"
l0.ket.q1.1.0,"кет — стан (відповідь)"
l0.ket.q1.1.1,"бра — питання"
l0.ket.q1.1.2,"оператор"
l0.ket.q1.1.3,"імовірність"
l0.ket.q1.2,"Бірюзовий + вістря вперед = кет = стан. Бра — його дзеркало ⟨, оператор — фіолетова коробка, імовірність — білий стовп."
l0.ket.q2.0,"Гліф кета з рискою вгорі — це…"
l0.ket.q2.1.0,"|0⟩ — північний полюс"
l0.ket.q2.1.1,"|1⟩ — південний полюс"
l0.ket.q2.1.2,"|+⟩ — екватор"
l0.ket.q2.2,"Угорі = |0⟩ (північ), унизу = |1⟩ (південь), |±⟩ лежать на екваторі."
l0.bra.lines.0,"[[⟨a|]] — це <b>бра</b>: дзеркальний кет. Та сама бірюзова родина, але вістря <b>назад ⟨</b> — бра є <b>питанням</b> (рядком)."
l0.bra.lines.1,"Подивись, як вони зустрічаються: питання ⟨a| і відповідь |ψ⟩ зчіплюються в ⟨a|ψ⟩ — <b>одне число</b>, амплітуду для відповіді a. Її |…|² — імовірність. Білий спалах — це число, що щойно народилося."
l0.bra.q1.0,"Що виходить, коли бра ⟨a| зустрічає кет |ψ⟩ як ⟨a|ψ⟩?"
l0.bra.q1.1.0,"одне (комплексне) число — амплітуда"
l0.bra.q1.1.1,"новий стан"
l0.bra.q1.1.2,"оператор"
l0.bra.q1.2,"⟨a|ψ⟩ — одне число: амплітуда для результату a. Навпаки, |ψ⟩⟨a| був би оператором."
l0.bra.q2.0,"Куди вказує рамка бра і що таке бра?"
l0.bra.q2.1.0,"назад ⟨ — питання"
l0.bra.q2.1.1,"уперед ⟩ — стан"
l0.bra.q2.1.2,"угору — стан |0⟩"
l0.bra.q2.2,"Бра = дзеркальний кет: вказує назад і є питанням; кет — відповідь."
l0.theta.lines.0,"[[θ]] — <b>тета</b>, <b>завжди рожева</b>. <b>Тета = нахил від верхівки</b>: кут стрілки стану від північного полюса |0⟩. Піктограма за літерою — нахил: <b>малюнок за літерою = ЗНАЧЕННЯ</b>."
l0.theta.lines.1,"Подивись, як розкривається рожева дуга: при [[θ = 0]] стрілка в |0⟩, при [[θ = π]] — у |1⟩. Синій і червоний стовпи йдуть за нею: [[P(0) = cos²(θ/2), P(1) = sin²(θ/2)]]. <b>θ змінює ймовірності.</b>"
l0.theta.q1.0,"Що вимірює рожева θ?"
l0.theta.q1.1.0,"нахил стрілки стану від |0⟩ (північного полюса)"
l0.theta.q1.1.1,"оберт по екватору"
l0.theta.q1.1.2,"глобальну фазу"
l0.theta.q1.2,"Рожева θ = нахил від верхівки. Оберт по екватору — зелена φ, глобальна фаза — золота γ."
l0.theta.q2.0,"θ зростає від 0 до π. Що стається з P(1)?"
l0.theta.q2.1.0,"зростає від 0 до 1"
l0.theta.q2.1.1,"нічого — θ є фазою"
l0.theta.q2.1.2,"спадає від 1 до 0"
l0.theta.q2.2,"[[P(1) = sin²(θ/2)]]: 0 на північному полюсі, 1 на південному."
l0.phi.lines.0,"[[φ]] — <b>фі</b>, <b>відносна фаза</b>, <b>завжди зелена</b>. <b>Фі = оберт вітрячка</b> навколо вертикальної осі, по екватору."
l0.phi.lines.1,"Глянь на стовпи: поки φ обертається, P(0) і P(1) <b>не рухаються</b>. φ невидима для вимірювання в базисі Z — але вона вирішує інтерференцію, а інші базиси (X, Y) її бачать. Правило: <b>що змінює нахил — рожеве; що обертає навколо z — зелене</b>."
l0.phi.q1.0,"Зелена стрілка φ обертається по екватору. Що стається з P(0) і P(1) у базисі Z?"
l0.phi.q1.1.0,"нічого — φ їх не змінює"
l0.phi.q1.1.1,"P(0) зростає"
l0.phi.q1.1.2,"вони міняються місцями"
l0.phi.q1.2,"φ — відносна фаза: оберт навколо z. Імовірності в базисі Z залежать лише від θ."
l0.phi.q2.0,"Яка пара кольорів правильна?"
l0.phi.q2.1.0,"θ рожева, φ зелена"
l0.phi.q2.1.1,"θ зелена, φ рожева"
l0.phi.q2.1.2,"обидві золоті"
l0.phi.q2.2,"Нахил θ рожевий, фаза φ зелена; золота лише глобальна фаза γ."
l0.gamma.lines.0,"[[γ]] [[e<sup>iγ</sup>]] — <b>гама</b>, <b>глобальна фаза</b>, <b>золота</b>. <b>Золота шестерня обертає все разом.</b>"
l0.gamma.lines.1,"Обидві стрілки — синя α і червона β — обертаються разом із шестернею. Нічого відносного не змінюється, тому γ <b>не вловить жодне вимірювання</b>: стовпи стоять. На острові це золота стрілка, що кружляє довкола тебе, Псічко."
l0.gamma.q1.0,"Чому жодне вимірювання не вловить золоту глобальну фазу γ?"
l0.gamma.q1.1.0,"вона обертає всі амплітуди разом, нічого відносного не змінюється"
l0.gamma.q1.1.1,"вона замала"
l0.gamma.q1.1.2,"вона існує лише на острові"
l0.gamma.q1.2,"Вимірювання бачать лише співвідношення й відносні фази амплітуд. Спільний оберт e<sup>iγ</sup> їх не змінює."
l0.gamma.q2.0,"У рівнянні e<sup>iγ</sup> перед усією дужкою пофарбоване…"
l0.gamma.q2.1.0,"золотим — глобальна фаза"
l0.gamma.q2.1.1,"зеленим — відносна фаза"
l0.gamma.q2.1.2,"рожевим"
l0.gamma.q2.2,"Глобальна фаза золота й обертається, як шестерня; відносні фази — зелені."
l0.expi.lines.0,"[[e<sup>iφ</sup>]] — <b>фазовий множник</b>, зелений, як фази: <b>e в степені i</b> = стрілка годинника, повернута на кут у показнику. Її довжина завжди 1 — множення на неї змінює лише напрям, а не розмір."
l0.expi.lines.1,"[[i]] — це <b>чверть оберту</b> (90°) — подивись, як клацає маленький годинник. Дві чверті = пів оберту = −1: i·i = −1, а e<sup>iπ</sup> = −1. Саме цей «мінус» відрізняє |+⟩ від |−⟩."
l0.expi.q1.0,"Що робить з амплітудою множення на e<sup>iφ</sup>?"
l0.expi.q1.1.0,"повертає її стрілку на φ, довжина лишається"
l0.expi.q1.1.1,"розтягує її в φ разів"
l0.expi.q1.1.2,"обнуляє її"
l0.expi.q1.2,"e<sup>iφ</sup> — стрілка довжини 1: множення на неї лише повертає."
l0.expi.q2.0,"Що таке i мовою малюнків?"
l0.expi.q2.1.0,"чверть оберту (90°)"
l0.expi.q2.1.1,"пів оберту"
l0.expi.q2.1.2,"повний оберт"
l0.expi.q2.1.3,"стала довжина ½"
l0.expi.q2.2,"[[i = 90°, i² = 180° = −1]]."
l0.ops.lines.0,"Фіолетові <b>3D-коробки</b> — це <b>оператори</b> (гейти): [[X]] [[Z]] [[H]] [[S]] [[T]] … Коробка <b>діє ПРАВОРУЧ</b> — на кет, що стоїть після неї."
l0.ops.lines.1,"Дивись: коробка обертається, потім кет за нею перевертається. На передній стінці малюнок того, що вона робить: <b>X = переворот</b> (0 ↔ 1), <b>Z = оберт</b> (+ ↔ −), <b>H = пів-обмін</b> z ↔ x, <b>S</b> — чверть, <b>T</b> — восьмушка оберту, <b>I</b> нічого не робить, [[Ĥ]] — двигун енергії (блискавка), [[Â]] — око, що питає (вимірювана величина)."
l0.ops.q1.0,"На що діє оператор (фіолетова коробка) у рівнянні?"
l0.ops.q1.1.0,"праворуч — на кет після нього"
l0.ops.q1.1.1,"ліворуч"
l0.ops.q1.1.2,"на обидва боки однаково"
l0.ops.q1.2,"Коробка діє на те, що стоїть праворуч: у H|0⟩ гейт H змінює кет |0⟩."
l0.ops.q2.0,"Коробка з дзеркалом [[z ↔ x]] («пів-обмін») — це…"
l0.ops.q2.1.0,"H — Адамар"
l0.ops.q2.1.1,"X"
l0.ops.q2.1.2,"S"
l0.ops.q2.1.3,"I"
l0.ops.q2.2,"H міняє осі z і x: полюс ↔ екватор. X перевертає [[0 ↔ 1, S]] — чверть оберту, I нічого не робить."
l0.P.lines.0,"[[P]] — <b>імовірність</b>, <b>біла</b>, намальована як <b>стовп</b> від 0 до 100 %."
l0.P.lines.1,"Білий означає: <b>у ній уже немає фази</b>. Імовірності — це те, що рахують вимірювання. Запам’ятай: <i>амплітуди інтерферують, імовірності лише вимірюються.</i>"
l0.P.q1.0,"Чому стовп імовірності білий (безбарвний)?"
l0.P.q1.1.0,"у ньому вже немає фази"
l0.P.q1.1.1,"він завжди 100 %"
l0.P.q1.1.2,"він належить до |0⟩"
l0.P.q1.2,"Колір несе ХТО, а обертання — фазу; P — лише число від 0 до 1 без фази, тому біле."
l0.P.q2.0,"Білий стовп, заповнений наполовину, означає…"
l0.P.q2.1.0,"[[P = 50 %]]"
l0.P.q2.1.1,"амплітуду 0,5"
l0.P.q2.1.2,"фазу π/2"
l0.P.q2.2,"Стовп показує безпосередньо ймовірність. Амплітуда 1/√2 ≈ 0,71 дає [[P = ½]]."
l0.sq.lines.0,"[[|α|²]] — <b>|…|² = оправ і заморозь</b>. Дивись: рамка закривається довкола стрілки, що обертається, стрілка зупиняється й сіріє — <b>фаза відкидається</b>."
l0.sq.lines.1,"Лишається тільки квадрат довжини: білий стовп. Це правило Борна [[P = |α|²]]. Стрілка завдовжки 0,7 → стовп 0,49."
l0.sq.q1.0,"Що робить |α|² з фазою α?"
l0.sq.q1.1.0,"відкидає її (стрілка замерзає)"
l0.sq.q1.1.1,"подвоює її"
l0.sq.q1.1.2,"зберігає її"
l0.sq.q1.2,"[[|α|² = α·α*]] — фаза скорочується; лишається тільки квадрат довжини."
l0.sq.q2.0,"Амплітуда довжиною 0,5 дає ймовірність…"
l0.sq.q2.1.0,"0,25"
l0.sq.q2.1.1,"0,5"
l0.sq.q2.1.2,"0,7"
l0.sq.q2.2,"[[P = |α|² = 0,5² = 0,25]]."
l0.rho.lines.0,"[[ρ]] — <b>ро, матриця густини</b>: таблиця запису стану 2 × 2. На діагоналі — шанси результату 0 (синій) і 1 (червоний)."
l0.rho.lines.1,"Поза діагоналлю сидять <b>когерентності</b>, пофарбовані за своєю фазою. Подивись, як вони блякнуть: це <b>декогеренція</b> — довкілля їх «вимірює», і разом із ними слабне інтерференція. <b>Блякне = ДЕКОГЕРЕНЦІЯ.</b> Діагональ при цьому не рухається."
l0.rho.q1.0,"Кольорові точки поза діагоналлю ρ блякнуть. Що відбувається?"
l0.rho.q1.1.0,"декогеренція — зникає інтерференція"
l0.rho.q1.1.1,"змінюються ймовірності"
l0.rho.q1.1.2,"стан колапсує в |0⟩"
l0.rho.q1.2,"Позадіагональ несе когерентності (фазові зв’язки). Їхнє блякнення = декогеренція; діагональ (P(0), P(1)) лишається."
l0.rho.q2.0,"Що стоїть на діагоналі ρ?"
l0.rho.q2.1.0,"імовірності 0 і 1 (синя, червона)"
l0.rho.q2.1.1,"когерентності"
l0.rho.q2.1.2,"глобальна фаза"
l0.rho.q2.2,"[[ρ₀₀ = P(0)]] (синя), [[ρ₁₁ = P(1)]] (червона); когерентності — поза діагоналлю."
l0.const.lines.0,"<b>Сіре й нерухоме = СТАЛА</b>: [[ħ]] висота квантової сходинки, [[π]] пів оберту, [[Σ]] склади все (стос), [[∂]] пісковий годинник змін, [[⊗]] два зчеплені кільця — системи поруч. Сірі й функції [[cos]] [[sin]] [[det]]."
l0.const.lines.1,"Вони ніколи не рухаються — ніщо в грі їх не обертає. Що в рівнянні рухається, те змінна: фаза гойдається, глобальна фаза обертається, амплітуда росте. Зверни увагу: цей постамент — єдиний зовсім тихий."
l0.const.q1.0,"Сірий символ, що ніколи не рухається, — це…"
l0.const.q1.1.0,"стала або незмінна функція (ħ, π, Σ…)"
l0.const.q1.1.1,"фаза"
l0.const.q1.1.2,"амплітуда, що дорівнює нулю"
l0.const.q1.2,"Сіре й нерухоме = СТАЛА. Нульова амплітуда мала б свій колір, лише малою й блідою."
l0.const.q2.0,"Який малюнок належить ⊗ (тензорному добутку)?"
l0.const.q2.1.0,"два зчеплені кільця — системи поруч"
l0.const.q2.1.1,"сходинка"
l0.const.q2.1.2,"пісковий годинник"
l0.const.q2.1.3,"пів оберту"
l0.const.q2.2,"⊗ поєднує системи: розмірності перемножуються. Сходинка — ħ, пісковий годинник — ∂, пів оберту — π."
l0.collapse.lines.0,"<span class=""mn mn-m"">⚡</span> <b>Спалах і падіння = КОЛАПС</b>. До вимірювання ширяють обидва члени: синій |0⟩ і червоний |1⟩, кожен завбільшки зі свою амплітуду."
l0.collapse.lines.1,"Спалах! Відбувається вимірювання: один член падає, а інший стає всім станом. У живому рівнянні побачиш те саме — рівняння спалахує, а член, що не стався, падає. Блідо-жовтий належить вимірюванню та його подіям."
l0.collapse.q1.0,"У живому рівнянні рядок спалахує і один член відпадає. Що сталося?"
l0.collapse.q1.1.0,"вимірювання — стан сколапсував в один результат"
l0.collapse.q1.1.1,"подіяв оператор"
l0.collapse.q1.1.2,"повернулася глобальна фаза"
l0.collapse.q1.2,"Спалах і падіння = КОЛАПС: лишається один результат."
l0.collapse.q2.0,"Після спалаху член, що лишився…"
l0.collapse.q2.1.0,"стає всім станом (імовірність 1)"
l0.collapse.q2.1.1,"зберігає свій давній розмір"
l0.collapse.q2.1.2,"теж зникає"
l0.collapse.q2.2,"Після вимірювання стан повністю в отриманому результаті — повторне вимірювання дасть те саме."
l0.srn.lines.0,"[[σ]] — три осі спіну x, y, z разом (бірюзова, родина стану). [[r]] — <b>вектор Блоха</b>: стрілка-радіус у кулі; довжина 1 = чистий стан, коротша = суміш."
l0.srn.lines.1,"[[n]] — <b>золота стрілка компаса</b>: напрям, про який питає вимірювання. Імовірність влучання ½(1 + r·n) — що більше r дивиться вздовж n, то вона вища."
l0.srn.q1.0,"Бірюзова стрілка r у кулі коротшає. Що це означає?"
l0.srn.q1.1.0,"стан стає сумішшю"
l0.srn.q1.1.1,"стан стає |0⟩"
l0.srn.q1.1.2,"подіяв гейт"
l0.srn.q1.2,"[[|r| = 1]] — чистий стан на поверхні, |r| < 1 — суміш усередині, центр — повна суміш."
l0.srn.q2.0,"Що таке золоте n?"
l0.srn.q2.1.0,"напрям питання (вісь вимірювання)"
l0.srn.q2.1.1,"глобальна фаза"
l0.srn.q2.1.2,"стала"
l0.srn.q2.2,"n — стрілка компаса: напрям, про який питаємо. Золота, як «ціль», яку ми обираємо."
l0.nmr.lines.0,"Фази в русі, усі зелені: [[ω]] — як швидко кружляє стрілка (<b>прецесія</b>); [[Δ]] — <b>різниця двох тонів</b>: наскільки радіо далеко від резонансу (подивись, як розходяться дві зелені точки)."
l0.nmr.lines.1,"[[Ω]] рожева, як θ, бо <b>штовхає нахил</b>: частота Рабі, як швидко змінюється θ під час імпульсу. Знову те саме правило: <b>нахил рожевий, оберт навколо z зелений</b>."
l0.nmr.q1.0,"Чому Ω (частота Рабі) рожева, а не зелена?"
l0.nmr.q1.1.0,"вона змінює нахил θ"
l0.nmr.q1.1.1,"це стала"
l0.nmr.q1.1.2,"це глобальна фаза"
l0.nmr.q1.2,"Рожеве все, що змінює нахил; Ω визначає, як швидко росте θ."
l0.nmr.q2.0,"Зелена стрілка ω, що кружляє довкола вертикальної осі, показує…"
l0.nmr.q2.1.0,"прецесію (кутову частоту)"
l0.nmr.q2.1.1,"вимірювання"
l0.nmr.q2.1.2,"декогеренцію"
l0.nmr.q2.2,"ω = як швидко стрілка кружляє навколо z — фаза в русі, тому зелена."
l0.ptA.lines.0,"[[p]] — <b>туман довкілля</b> (блідо-жовтий, як події вимірювання): скільки фази забирає оточення. Подивись, як туман густішає, а кольорова точка когерентності блякне. [[t]] — сірий годинник: час."
l0.ptA.lines.1,"[[A]] — <b>амплітуда шляху</b>: кожен шлях до результату несе власну стрілку (білі стрілки). Стрілки додаються «кінець до початку» <i>перед</i> піднесенням до квадрата: P = |A₁ + A₂|². Коли вони протилежні, стовп падає до нуля."
l0.ptA.q1.0,"Стрілки двох шляхів A₁ і A₂ протилежні (однакової довжини). Імовірність результату…"
l0.ptA.q1.1.0,"0 — вони гасяться"
l0.ptA.q1.1.1,"|A₁|² + |A₂|²"
l0.ptA.q1.1.2,"завжди ½"
l0.ptA.q1.2,"Спершу додай стрілки, потім піднось до квадрата: [[A₁ + A₂ = 0]], тож [[P = 0]] (деструктивна інтерференція)."
l0.ptA.q2.0,"Що означає блідий туман p?"
l0.ptA.q2.1.0,"силу декогеренції — фазу, яку забирає довкілля"
l0.ptA.q2.1.1,"імовірність"
l0.ptA.q2.1.2,"час"
l0.ptA.q2.2,"p = туман довкілля: що він густіший, то більше когерентності (й інтерференції) зникає."
l0.plain.lines.0,"Навіть звичайні частини формули мають сталий колір: <span class=""m-num"">числа персикові</span>, <span class=""m-rel"">відношення (=, →, ≈) золоті</span>, <span class=""m-op"">дії (+ − · /) світло-сині</span>, <span class=""m-br"">дужки й |…| приглушені</span>, <span class=""m-fn"">функції (cos, sin, Re) бірюзово-зелені</span>, <span class=""m-var"">змінні білі курсивом</span>."
l0.plain.lines.1,"Кожен брусок на постаменті має колір однієї частини. Так формулу видно з першого погляду: золото покаже, де зустрічаються дві сторони. А кожна формула в реченні стоїть на власному темному тлі, тож завжди видно, де вона починається й де закінчується."
l0.plain.q1.0,"Якого кольору у формулі знак відношення = ?"
l0.plain.q1.1.0,"золотого"
l0.plain.q1.1.1,"персикового"
l0.plain.q1.1.2,"світло-синього"
l0.plain.q1.1.3,"бірюзово-зеленого"
l0.plain.q1.2,"Відношення (=, →, ≈) золоті з проміжком довкола; числа персикові, дії світло-сині, функції бірюзово-зелені."
l0.plain.q2.0,"Персикові частини формули — це…"
l0.plain.q2.1.0,"числа"
l0.plain.q2.1.1,"функції"
l0.plain.q2.1.2,"дії"
l0.plain.q2.1.3,"дужки"
l0.plain.q2.2,"Числа персикові, функції бірюзово-зелені, дії світло-сині, дужки приглушені."
l0.sound.lines.0,"🔊 <b>Звук = ХТО</b>. Наведи мишу на будь-який гліф — і він зазвучить: |0⟩ і α високо, |1⟩ і β низько, θ спадає, фаза піднімається, оператор клацає, імовірність дзвенить. Слухай кульки — вони стрибають так високо, як високо звучать."
l0.sound.lines.1,"💬 І кожен гліф має в підказці <b>словесну підказку</b> — Альфа вказує вгору, Бета дивиться вниз, X = переворот, T = тоненька восьмушка оберту. Увесь список — за ключем 🔑 над рівнянням (вкладки Правила й Словник гліфів) і в панелі праворуч біля кожного постаменту."
l0.sound.q1.0,"Які символи звучать високо, коли наводиш на них мишу?"
l0.sound.q1.1.0,"α і |0⟩"
l0.sound.q1.1.1,"β і |1⟩"
l0.sound.q1.1.2,"оператори"
l0.sound.q1.2,"Високо = вгорі = |0⟩ (і α), низько = внизу = |1⟩ (і β); оператор клацає."
l0.sound.q2.0,"Де знайти кожен гліф разом зі словесною підказкою?"
l0.sound.q2.1.0,"ключ 🔑 → Словник гліфів"
l0.sound.q2.1.1,"лише в рівні 9"
l0.sound.q2.1.2,"ніде — їх треба вивчити напам’ять"
l0.sound.q2.2,"Ключ 🔑 над рівнянням має вкладки Правила й Словник гліфів; підказка кожного гліфа показує його фразу."
l0.FINAL0.1.0,"Який список правильний?"
l0.FINAL0.1.1.0,"α синя · β червона · кет бірюзовий · оператор фіолетовий"
l0.FINAL0.1.1.1,"α червона · β синя · кет фіолетовий · оператор бірюзовий"
l0.FINAL0.1.1.2,"α золота · β зелена · кет білий · оператор сірий"
l0.FINAL0.1.2,"Колір = ХТО: α синя, β червона, кети бірюзові, оператори — фіолетові коробки."
l0.FINAL0.2.0,"Яка властивість гліфа каже СКІЛЬКИ?"
l0.FINAL0.2.1.0,"розмір"
l0.FINAL0.2.1.1,"колір"
l0.FINAL0.2.1.2,"форма рамки"
l0.FINAL0.2.1.3,"звук"
l0.FINAL0.2.2,"Розмір = СКІЛЬКИ, колір = ХТО, обертання = ФАЗА, форма рамки = РІД, звук = ХТО."
l0.FINAL0.3.0,"Яка властивість гліфа показує ФАЗУ?"
l0.FINAL0.3.1.0,"обертання — стрілка, що крутиться"
l0.FINAL0.3.1.1,"розмір"
l0.FINAL0.3.1.2,"яскравість кольору"
l0.FINAL0.3.1.3,"рамка"
l0.FINAL0.3.2,"Стрілка довкола амплітуди показує кут її фази; глобальна фаза обертає всю дужку."
l0.FINAL0.4.0,"Форма рамки гліфа підказує…"
l0.FINAL0.4.1.0,"РІД: кет, бра, коробка оператора, стовп"
l0.FINAL0.4.1.1,"кількість"
l0.FINAL0.4.1.2,"фазу"
l0.FINAL0.4.2,"Кет ⟩ уперед, бра ⟨ назад, оператор — 3D-коробка, імовірність — стовп."
l0.FINAL0.5.0,"Зелений символ — це найпевніше…"
l0.FINAL0.5.1.0,"відносна фаза або фазовий множник (φ, e<sup>iφ</sup>, i, ω)"
l0.FINAL0.5.1.1,"амплітуда |1⟩"
l0.FINAL0.5.1.2,"імовірність"
l0.FINAL0.5.2,"Зелений = фаза й оберт навколо z. Амплітуда |1⟩ — червона β, імовірність — біла."
l0.FINAL0.6.0,"Перед дужкою обертається золоте e<sup>iγ</sup>, а стовпи ймовірності не рухаються. Чому?"
l0.FINAL0.6.1.0,"це глобальна фаза — неспостережувана"
l0.FINAL0.6.1.1,"це інтерференція"
l0.FINAL0.6.1.2,"це колапс"
l0.FINAL0.6.2,"Золота шестерня обертає всі амплітуди разом; нічого відносного не змінюється."
l0.FINAL0.7.0,"Який символ змінює ймовірності в базисі Z?"
l0.FINAL0.7.1.0,"θ (рожева)"
l0.FINAL0.7.1.1,"φ (зелена)"
l0.FINAL0.7.1.2,"γ (золота)"
l0.FINAL0.7.2,"[[P(0) = cos²(θ/2)]]: її змінює лише нахил θ. φ і γ — фази."
l0.FINAL0.8.0,"У записі H|0⟩ що діє на що?"
l0.FINAL0.8.1.0,"коробка H діє на кет |0⟩ праворуч"
l0.FINAL0.8.1.1,"|0⟩ діє на H"
l0.FINAL0.8.1.2,"вони множаться як числа"
l0.FINAL0.8.2,"Оператор діє ПРАВОРУЧ: [[H|0⟩ = |+⟩]]."
l0.FINAL0.9.0,"Що з цього є числом?"
l0.FINAL0.9.1.0,"⟨ψ|ψ⟩ (спершу бра, потім кет)"
l0.FINAL0.9.1.1,"|ψ⟩⟨ψ|"
l0.FINAL0.9.1.2,"обидва"
l0.FINAL0.9.2,"Питання ⟨ψ| на відповідь |ψ⟩ = число (тут 1). Навпаки, |ψ⟩⟨ψ| — оператор (проєктор)."
l0.FINAL0.10.0,"Когерентність у ρ блякне, діагональ лишається. Стан…"
l0.FINAL0.10.1.0,"втрачає інтерференцію, але зберігає P в базисі Z"
l0.FINAL0.10.1.1,"колапсує в |1⟩"
l0.FINAL0.10.1.2,"набирає енергію"
l0.FINAL0.10.2,"Блякне = ДЕКОГЕРЕНЦІЯ: фазові зв’язки зникають, імовірності на діагоналі лишаються."
l0.FINAL0.11.0,"Сіре й нерухоме означає…"
l0.FINAL0.11.1.0,"сталу"
l0.FINAL0.11.1.1,"нульову ймовірність"
l0.FINAL0.11.1.2,"уже виміряне"
l0.FINAL0.11.2,"Сіре й нерухоме = СТАЛА (ħ, π, Σ, функції)."
l0.FINAL0.12.0,"[[P = |A₁ + A₂|²]]: яке правило?"
l0.FINAL0.12.1.0,"спершу додай стрілки, потім піднеси до квадрата"
l0.FINAL0.12.1.1,"піднеси кожну, потім додай"
l0.FINAL0.12.1.2,"перемнож стовпи"
l0.FINAL0.12.2,"Амплітуди інтерферують — додаються як стрілки; імовірність — лише квадрат суми."
l0.intro.1.0,"Ласкаво просимо до <b>Зали символів</b> — рівня 0. Перш ніж наставники почнуть писати тобі рівняння, навчися <b>читати їх з першого погляду</b>."
l0.intro.1.1,"Кожен символ у грі має свій код: <b>колір = ХТО</b> це, <b>розмір = СКІЛЬКИ</b> його, <b>обертання = його ФАЗА</b>. Малюнок за літерою видає <b>значення</b>, форма рамки — <b>рід</b>."
l0.intro.1.2,"На кожному з 19 постаментів стоїть один символ, збудований у 3D саме в тому кольорі, який він має в рівняннях. Подивись, як він рухається, а потім я тебе перевірю. Після кожного розділу — повторення, а наприкінці — великий іспит. Камеру можна обертати будь-коли."
l0.review.1,"Повторення розділу {0}: {1} питань про те, що ти щойно побачив(-ла). Можеш роззирнутися по постаментах — вони й далі рухаються."
l0.finale.1,"Усі 19 постаментів світяться. Тепер <b>великий іспит</b>: {0} питань з усієї зали — кольори, форми, рухи й звуки."
l0.finale.2,"Залу символів пройдено! Оцінка: <b>{0}</b> (помилок: {1} з {2} питань). Тепер ти прочитаєш рівняння наставників з першого погляду. Ключ 🔑 над рівнянням будь-коли все нагадає."
l1.intro.1,"Ласкаво просимо до <b>Комплексної гавані</b>! Я Леонард Ейлер. Я запровадив літери <b>e</b> та <b>i</b> — і в квантовій механіці ти бачитимеш їх на кожному кроці."
l1.intro.2,"Аналогія: <b>амплітуда — як стрілка годинника</b>. Вона має <b>довжину</b> (модуль) і <b>кут</b> (фазу). У квантовому світі кожен можливий результат несе таку стрілку."
l1.intro.3,"Імовірність — це <b>квадрат довжини</b> стрілки: |α|². Кут її зовсім не цікавить! То навіщо існує фаза? Дізнаєшся в третьому завданні. 😉"
l1.intro.4,"Під тобою — <b>комплексна площина</b>: горизонтально <b>Re</b> (дійсна частина), вертикально <b>Im</b> (уявна частина). Коло — одиничне коло."
l1.upd.1,"Саме так! Зверни увагу: поки ти змінював(-ла) лише <b>фазу</b>, стовпчик імовірності не рухався. Він змінився, тільки коли ти змінив(-ла) <b>модуль</b>."
l1.upd.2.q,"Дві амплітуди: 0,7 і [[0,7·e<sup>iπ/2</sup> (= 0,7i)]]. Чи мають вони однакову ймовірність?"
l1.upd.2.options.0,"Так, обидві 0,49"
l1.upd.2.options.1,"Ні, друга має −0,49"
l1.upd.2.options.2,"Ні, друга має 0,7"
l1.upd.2.why,"[[|0,7i|² = 0,7i · (−0,7i) = 0,49]]. Фаза в |α|² губиться."
l1.press.1.0,"Готово за {0} натискань. <b>Множення на i = поворот на 90°</b>. Два повороти = 180°, тому <b>[[i · i = i² = −1]]</b>. Жодної магії, лише геометрія!"
l1.press.1.1,"І ще одне: [[e<sup>iπ</sup> = −1]]. Фаза π (поворот на 180°) — це саме той <b>знак мінус</b>, що відрізняє стани |+⟩ і |−⟩. Ти зустрінеш їх в Обсерваторії Блоха."
l1.press.2.q,"Скільки разів треба помножити число 1 на i, щоб дістатися до −i?"
l1.press.2.options.0,"3 рази (270°)"
l1.press.2.options.1,"один раз"
l1.press.2.options.2,"4 рази"
l1.press.2.why,"[[1 → i → −1 → −i]]. Чотири натискання повернули б нас до 1."
l1.interference.1,"Тепер найважливіше. <b>Два шляхи</b> ведуть до того самого результату, кожен зі своєю амплітудою A₁ і A₂ (довжина 0,5)."
l1.interference.2,"Квантове правило: <b>спершу додай стрілки (амплітуди), лише потім підноси до квадрата</b>: [[P = |A₁ + A₂|²]]. Класичне правило для взаємовиключних альтернатив додавало б імовірності: [[|A₁|² + |A₂|² = 0,5]] завжди."
l1.interference.3,"Аналогія: двоє людей розгойдують гойдалку. Якщо штовхають <b>у ритм</b>, гойдалка злітає високо. Якщо штовхають <b>одне проти одного</b>, вона не рухається. Важить ритм — <b>відносна фаза</b>."
l1.upd.3,"Чудово! За фази π маємо [[P = 0]], хоча кожен шлях окремо дав би ¼. <b>Це суть квантової механіки</b>: в окремій амплітуді фазу не видно, але вона вирішує, коли амплітуди зустрічаються."
l1.upd.4,"Квантові алгоритми роблять саме це: вони влаштовують фази так, щоб неправильні відповіді гасилися, а правильні підсилювалися."
l2.intro.1.0.who,"Отто Штерн"
l2.intro.1.0.text,"Ласкаво просимо до Франкфурта, 1922 рік! З цієї <b>печі</b> вилітають атоми срібла. Кожен має один неспарений електрон, і той поводиться як крихітний магніт."
l2.intro.1.1.who,"Вальтер Ґерлах"
l2.intro.1.1.text,"Ми пропускаємо пучок крізь <b>неоднорідне</b> магнітне поле (верхній полюс гострий, нижній плаский). Залежно від орієнтації магнітний момент відхиляється вгору або вниз."
l2.intro.1.2.who,"Отто Штерн"
l2.intro.1.2.text,"Класична картина: магнітики напрямлені навмання → на екрані має з’явитися <b>суцільна смуга</b>. Перевірмо!"
l2.twoSpots.1.q,"Скільки плям утворює на екрані реальний (квантовий) пучок?"
l2.twoSpots.1.options.0,"дві окремі плями"
l2.twoSpots.1.options.1,"суцільну смугу"
l2.twoSpots.1.options.2,"одну пляму посередині"
l2.twoSpots.1.why,"Вимірювання проєкції спіну ½ уздовж обраної осі має лише два результати: <b>+ħ/2</b> і <b>−ħ/2</b>."
l2.twoSpots.2.0.who,"Вальтер Ґерлах"
l2.twoSpots.2.0.text,"Верхню пляму називаємо <b>[[S<sub>z</sub> = +ħ/2]]</b> (стан <b>[[|0⟩ ≡ |+z⟩]]</b>, «спін угору»), нижню — <b>[[S<sub>z</sub> = −ħ/2]]</b> (стан <b>[[|1⟩ ≡ |−z⟩]]</b>)."
l2.twoSpots.2.1.who,"Отто Штерн"
l2.twoSpots.2.1.text,"Обережно з мовою! Експеримент <b>не показав, як обертається електрон</b>. Він показав, які результати дає точно задане вимірювання. А «спін ½» не означає пів оберту — це назва різновиду квантового спіну."
l2.sequences.1.0.who,"Отто Штерн"
l2.sequences.1.0.text,"Тепер можеш з’єднати до <b>трьох магнітів</b>, повертати їх (вісь [[z = 0°]], вісь [[x = 90°]]) і встановити <b>фільтр</b>, що пропускає лише один пучок."
l2.sequences.1.1.who,"Вальтер Ґерлах"
l2.sequences.1.1.text,"Схема A: перший магніт Z пропускає лише «+», другий магніт знову вимірює Z. Схема B: встав між ними магніт X (що пропускає «+»). Вгадай результат, перш ніж стріляти!"
l2.sequences.2.q,"Чому схема [[B (Z+ → X+ → Z)]] наприкінці знову дає 50 : 50?"
l2.sequences.2.options.0,"Вимірювання x приготувало новий стан |+x⟩; у ньому результат z невизначений."
l2.sequences.2.options.1,"Магніт X пошкодив атоми."
l2.sequences.2.options.2,"Атоми мали приховані значення для всіх осей, а магніт X їх перемішав."
l2.sequences.2.why,"Визначеність в одному базисі не означає визначеності в іншому. <b>Базис вимірювання — частина питання.</b> Спін — не стрілка з наперед визначеними значеннями для x, y і z одночасно."
l2.predict.1,"Атоми пройшли фільтр «+z». Другий магніт повернуто на {0}° від осі z. Яка частка піде в його верхню пляму?"
l2.predict.2,"Імовірність дорівнює [[cos²({0}°/2) = {1}]]. На сфері Блоха: (1 + cos {0}°)/2. Що менший кут між осями, то певніший результат."
l2.predict.3,"Отто Штерн"
l2.predict.4,"Ми виміряли {0} угору (теорія {1}). Одне вимірювання завжди дає лише +ħ/2 або −ħ/2, але <b>статистика багатьох повторень</b> розкриває ймовірність. Саме так у лабораторії перевіряють правило Борна."
l3.BLOCH_PUZZLES.1,"<b>X</b> = поворот на 180° навколо осі x. З північного полюса на південний: квантове НЕ, «переворот біта». Зверни увагу: |0⟩ і |1⟩ <b>перпендикулярні</b> в гільбертовому просторі, але <b>протилежні</b> на сфері Блоха."
l3.BLOCH_PUZZLES.2,"<b>H</b> обертає навколо осі між x і z → міняє місцями осі [[z ↔ x]]. Обережно з мовою: H «створює суперпозицію» лише з погляду базису Z. Застосований до |+⟩, він би її навпаки «скасував»."
l3.BLOCH_PUZZLES.3,"Поглянь на P(0) і P(1): <b>вони не змінилися</b> (досі ½ і ½)! Z змінив лише <b>відносну фазу</b> на π. Нерозрізненні в базисі Z, зовсім різні стани в базисі X."
l3.BLOCH_PUZZLES.4,"H опустив тебе на екватор [[(θ = π/2), S]] повернув фазу на [[π/2 (φ = π/2)]]. Двох кутів θ і φ досить, щоб описати будь-який чистий кубіт."
l3.BLOCH_PUZZLES.5,"[[H·Z·H = X]]. Різні послідовності поворотів можуть дати той самий загальний поворот. Кожен гейт <b>унітарний</b> = поворот, що зберігає довжину стрілки."
l3.BLOCH_PUZZLES.6,"Поглянь на запис: [[Y|0⟩ = <b>i|1⟩</b>]]. Множник i — це <b>глобальна фаза</b>: однакова для всього стану, виміряти її неможливо. Тому пишемо <b>[[i|1⟩ ∼ |1⟩]]</b> («рівні з точністю до глобальної фази»). Стрілка на сфері та сама!"
l3.BLOCH_PUZZLES.7,"Напр. [[H → |+⟩, S → |+i⟩, Z → |−i⟩]] (або H, Z, S). Відносна фаза [[φ = 3π/2]] — це −i. Різні шляхи сферою, та сама ціль."
l3.BLOCH_PUZZLES.8,"[[T·T = S]]: два повороти на 45° навколо z дають 90°. Фазові гейти утворюють драбину: [[T² = S, S² = Z]]."
l3.intro.1.0,"Grüezi! Я Фелікс Блох. Завдяки ЯМР я показав, що стан спіну можна намалювати як <b>стрілку в кулі</b>. Сьогодні її називають <b>сферою Блоха</b>."
l3.intro.1.1,"Аналогія: сфера Блоха — це <b>глобус станів</b>. Північний полюс = |0⟩, південний = |1⟩, екватор = рівноважні суперпозиції. <b>Широта</b> (кут θ) задає ймовірності вимірювання в базисі Z, <b>довгота</b> (φ) — відносна фаза."
l3.intro.1.2,"Але обережно: це <b>не</b> мапа лабораторії, і стрілка — не вісь кульки, що обертається! Це зображення амплітуд α і β."
l3.intro.1.3,"Гейти — це <b>повороти</b> цієї кулі. Розв’яжи {0} головоломок: доведи (червону) стрілку до золотої цілі обмеженим набором гейтів. Кулю можна обертати мишею."
l3.onAnimDone.1.q,"Стани |+⟩ і |−⟩ мають однакові [[P(0) = P(1) = ½]]. Це той самий стан?"
l3.onAnimDone.1.options.0,"Ні — вони відрізняються відносною фазою, і вимірювання в базисі X напевно їх розрізнить"
l3.onAnimDone.1.options.1,"Так — однакові ймовірності = той самий стан"
l3.onAnimDone.1.options.2,"Так, вони відрізняються лише глобальною фазою"
l3.onAnimDone.1.why,"Однакова статистика в одному базисі не означає того самого стану. Вони навіть ортогональні!"
l3.measure.1.0,"Останній урок: <b>вимірювання</b>. Стрілка несе багато інформації (і θ, і φ). Скільки з неї ти отримаєш з одного вимірювання?"
l3.measure.1.1,"Натисни <b>Виміряти 1×</b> на стані |+⟩. Потім <b>Виміряти 100 копій</b> — однакові приготування, незалежні вимірювання."
l3.checkMeasure.1.q,"Що нам дало ОДНЕ вимірювання кубіта?"
l3.checkMeasure.1.options.0,"один біт (0 або 1), а стан змінився на |0⟩ або |1⟩"
l3.checkMeasure.1.options.1,"значення α і β"
l3.checkMeasure.1.options.2,"кути θ і φ"
l3.checkMeasure.1.why,"Одне вимірювання = один біт. Імовірності дізнаєшся лише зі <b>статистики багатьох однаково приготованих копій</b>. А фазу φ — лише вимірюванням в іншому базисі. (Спробуй: |+⟩ і |+i⟩ дають у базисі Z однакову статистику!)"
l3.lab.1,"Наостанок — вільна лабораторія. Кожен чистий стан — точка (θ, φ), кожен гейт — поворот R<sub>n</sub>(α) навколо якоїсь осі n, а кожне вимірювання — питання «чи напрямлений стан уздовж m?» — <b>[[P(+m) = (1 + r·m)/2]]</b>."
l4.intro.1.0,"Привіт! Я Дік Фейнман. Колись я сказав, що досвід із двома щілинами містить <b>єдину таємницю</b> квантової механіки. Ось його кубітова версія."
l4.intro.1.1,"Доріжка: кубіт стартує в |0⟩, проходить гейтом <b>H</b>, центром храму й другим гейтом <b>H</b>. Наприкінці детектор його вимірює: 0 або 1."
l4.intro.1.2,"Аналогія: до скарбу ведуть <b>два шляхи</b>. Поки ніхто не знає, яким ти пішов(-ла), їхні амплітуди можуть додаватися або гаситися. Щойно хтось <b>дізнається</b> (виміряє), інтерференція зникає — лишаються звичайні ймовірності."
l4.intro.1.3,"Позаду видно <b>матрицю густини ρ</b> (ро) у вигляді стовпчиків: два на діагоналі = ймовірності (заселеності), два поза діагоналлю = <b>когерентності</b>, «пам’ять фази»."
l4.pure.1.q,"Кубіт [[|0⟩ → H → H]] → вимірювання. Що ти виміряєш?"
l4.pure.1.options.0,"завжди 0"
l4.pure.1.options.1,"50 % : 50 %"
l4.pure.1.options.2,"завжди 1"
l4.pure.1.why,"[[H·H = I]]. Внески до |1⟩ гасяться деструктивно, внески до |0⟩ додаються конструктивно."
l4.withMeasure.1.q,"Тепер ставимо в центр вимірювання в базисі Z і ЗАБУВАЄМО його результат. Що ти виміряєш наприкінці?"
l4.withMeasure.1.options.0,"50 % : 50 %"
l4.withMeasure.1.options.1,"завжди 0"
l4.withMeasure.1.options.2,"завжди 1"
l4.withMeasure.1.why,"Вимірювання руйнує когерентність (позадіагональні елементи ρ). Лишається суміш [[½|0⟩⟨0| + ½|1⟩⟨1| = I/2]] — і другий H її не змінює."
l4.deco.1.0,"Вимірювання — крайній випадок. У реальному чипі кубіт поволі «витікає» в довкілля: <b>декогеренція</b>. Наче довкілля частково виміряло фазу."
l4.deco.1.1,"Повзунком встанови силу декогеренції <b>p</b> (0 = нічого, 1 = повне вимірювання). Завдання: знайди p, за якого [[P(0) = <b>{0}</b>]], і надішли щонайменше {1} кубітів."
l4.deco.1.2,"Нове також: <b>фазозсувач φ</b> у центрі храму (поворот навколо осі z). Він вирішує, чи шляхи зустрінуться «в ритм» — інтерференційні смуги: [[P(0) = (1 + (1 − p)·cos φ)/2]]."
l4.check.1,"Бачиш? Завжди 0. Поглянь на ρ дорогою: після першого H <b>усі чотири стовпчики однаково високі</b> — позадіагональні когерентності несуть інформацію про фазу, а другий H перетворює її на певність."
l4.check.2.0,"Після вимірювання позадіагональні стовпчики <b>зникли</b>. Діагональ та сама, що й у суперпозиції (½, ½), тож <b>вимірювання в базисі Z не може їх розрізнити</b>. Різниця проявиться лише в наступній операції."
l4.check.2.1,"На сфері Блоха: стрілка зменшилася до <b>центру</b> (максимально змішаний стан I/2). Другий H обертає кулю, але точка в центрі під час обертання не рухається."
l4.check.3.0,"Саме так: [[p = {0}]] зменшує когерентності до {1} і [[P(0) = (1 + (1 − p)·cos φ)/2 = {2}]]. Стрілка коротша за 1 → <b>змішаний стан</b> усередині кулі."
l4.check.3.1,"Математично другий гейт діє на матрицю густини як <b>HρH†</b> (кинджал † = ермітове спряження). Для суміші I/2 знову отримаєш I/2 — нічого не змінюється."
l4.check.3.2,"Урок для квантових комп’ютерів: <b>когерентність — це паливо</b> інтерференції. Втратиш її — втратиш і перевагу."
l5.DIRAC_TASKS.1,"⟨a|ψ⟩ — бра «ставить питання» (чи це стан a?), кет — відповідь. Разом вони дають <b>число</b>: амплітуду. Бра-кет = «bracket», дужка."
l5.DIRAC_TASKS.2,"|⟨a|ψ⟩|² — правило Борна. Амплітуда — це теорія, імовірність — експеримент."
l5.DIRAC_TASKS.3,"|ψ⟩⟨ψ| — стовпець на рядок = <b>матриця</b>. Ті самі символи, що в ⟨ψ|ψ⟩, протилежний порядок — зовсім інший об’єкт!"
l5.DIRAC_TASKS.4,"⟨ψ|Â|ψ⟩ — середнє багатьох вимірювань. Обережно: це не обов’язково значення, яке можна отримати за один раз!"
l5.DIRAC_TASKS.5,"Ĥ|ψ⟩ — оператор «обробляє» кет і повертає кет. Оператор діє праворуч, на кет."
l5.DIRAC_TASKS.6,"⟨φ|Â|ψ⟩ — комплексне число, елемент матриці. Читай справа: Â діє на ψ, результат проєктується на φ."
l5.DIRAC_TASKS.7,"|ψ⟩ ⊗ |φ⟩ — тензорний добуток. Для двох кубітів [[|0⟩ ⊗ |1⟩ = |01⟩]]. Розмірності перемножуються: 2 × 2 = 4 амплітуди."
l5.intro.1.0,"Дірак."
l5.intro.1.1.who,"Бібліотекар Кет"
l5.intro.1.1.text,"(пошепки) Професор Дірак славиться мовчазністю. Колеги нібито запровадили одиницю <b>1 дірак = одне слово на годину</b>. Дозволь, я перекладу."
l5.intro.1.2.who,"Бібліотекар Кет"
l5.intro.1.2.text,"Професор винайшов <b>бра-кет запис</b> — граматику квантової механіки. Кожен вираз має <b>тип</b>, як слово в мові має частину мови: <b>кет |ψ⟩</b> = стан (стовпець), <b>бра ⟨ψ|</b> = питання (рядок), <b>Â</b> = оператор (машина)."
l5.intro.1.3.who,"Бібліотекар Кет"
l5.intro.1.3.text,"Аналогія: кет — це <b>лист</b>, бра — <b>підписаний конверт</b>. Поклади лист у конверт — ⟨a|ψ⟩ — і отримаєш <b>число</b> (марку, амплітуду). Поклади навпаки, |ψ⟩⟨a|, — і отримаєш <b>машину</b> (оператор), що перетворює одні листи на інші."
l5.intro.1.4.who,"Бібліотекар Кет"
l5.intro.1.4.text,"На столі (3D) побачиш фігури: <b>стрілка</b> = кет, <b>дошка</b> = бра, <b>куб</b> = оператор, <b>монета</b> = число, <b>стовпчик</b> = імовірність. Складай жетони й дізнавайся, що з чого виходить."
l5.intro.1.5,"Правильно."
l5.verify.1,"Бібліотекар Кет"
l5.verify.2.q,"Який вираз є ОПЕРАТОРОМ?"
l5.verify.2.options.0,"|ψ⟩⟨φ|"
l5.verify.2.options.1,"⟨φ|ψ⟩"
l5.verify.2.options.2,"⟨ψ|Â|ψ⟩"
l5.verify.2.why,"Кет-бра = оператор; бра-кет = число; ⟨ψ|Â|ψ⟩ = число (середнє значення)."
l5.after.1.0,"Добре."
l5.after.1.1.who,"Бібліотекар Кет"
l5.after.1.1.text,"(Від нього це майже ода!) Головна думка: <b>|ψ⟩ — абстрактний стан</b>, а [[ψ(x) = ⟨x|ψ⟩]] — лише його «координата» в базисі положень, так само як [[c<sub>n</sub> = ⟨n|ψ⟩]] у дискретному базисі."
l6.intro.1.0,"Шалом! Я І. І. Рабі. 1938 року я навчив атоми «слухати радіо» — це <b>магнітний резонанс</b>. З нього виросли ЯМР, МРТ і атомні годинники."
l6.intro.1.1.who,"Пітер Зееман"
l6.intro.1.1.text,"Дозвольте додати: у статичному полі <b>B₀</b> енергія спіну ½ розщеплюється на <b>два рівні</b> (ефект Зеемана). Ці два рівні — наш кубіт."
l6.intro.1.2,"Ліворуч — ЯМР-магніт зі зразком (напр. молекули диметилфосфіту в SpinQ). Праворуч — сфера Блоха ядерного спіну. Унизу в панелі є графік: <b>P(|1⟩)</b> і <b>ЯМР-сигнал</b>."
l6.intro.1.3,"Аналогія: РЧ-імпульс — це як <b>розгойдування гойдалки</b>: якщо штовхати в правильному ритмі (<b>резонанс</b>), гойдалка злітає до кінця. Не в ритм — лише трохи хитається."
l6.precession.1.q,"У лабораторній системі стрілка кружляла навколо осі z (прецесія). Чи змінювалася при цьому ймовірність P(|1⟩)?"
l6.precession.1.options.0,"Ні — прецесія змінює лише відносну фазу φ, а не θ"
l6.precession.1.options.1,"Так, вона коливалася"
l6.precession.1.options.2,"Так, вона весь час зростала"
l6.precession.1.why,"Поглянь на графік: зелена лінія пласка, коливається лише помаранчевий сигнал. Прецесія ≠ гіроскоп: це еволюція фази між |0⟩ і |1⟩."
l6.precession.2,"В <b>обертовій системі</b> ми обертаємося разом зі спіном (з ларморовою частотою), тож швидка прецесія «зупиняється». Це математичний трюк — лабораторія не обертається. Відтепер працюватимемо в цій системі."
l6.piPulse.1.0,"Це <b>π-імпульс</b>: поворот на 180° — як гейт X. Площа імпульсу Ω<sub>R</sub>·t — це <b>кут повороту</b>, а не час у секундах."
l6.piPulse.1.1,"Якби ти подовжив(-ла) імпульс, стан повернувся б: це <b>осциляції Рабі</b>. Коливається ймовірність, а не електрон між двома місцями!"
l6.halfPulse.1,"<b>π/2-імпульс</b> — рівноважна суперпозиція. У ЯМР це базовий крок майже кожного експерименту."
l6.tuning.1,"Хтось зсунув частоту РЧ-генератора. Поза резонансом спін обертається навколо <b>нахиленої осі</b> й ніколи повністю не перевертається. Знайди ритм гойдалки!"
l6.tuning.2,"Резонанс знайдено! Саме так у ЯМР знаходять частоту ядра. Різниця частот (розстроювання) нахиляє вісь обертання."
l6.t2.1,"Реальні спіни відчувають сусідів і неоднорідності поля. Кожна молекула прецесує трохи інакше, і фази розбігаються: <b>T₂ (дефазування)</b>. Повільніше повернення заселеностей до теплового стану — це <b>T₁</b>."
l6.update.1.0,"Стрілка зменшилася до осі — <b>змішаний стан</b> (|r| < 1). Тим часом помаранчевий ЯМР-сигнал згас: це <b>FID</b> (вільний спад індукції)."
l6.update.1.1,"У ЯМР (напр. SpinQ) ми вимірюємо не один спін, а <b>ансамбль</b> із ~10²⁰ молекул. Сигнал — це <b>середнє значення</b> поперечної намагніченості, а не окремі результати 0/1."
l7.intro.1.0,"Добрий день, я Джон Белл із CERN. Ласкаво просимо на <b>міст сплутаності</b>. Ліворуч стоїть <b>Аліса</b> зі своїм кубітом, праворуч — <b>Боб</b>."
l7.intro.1.1.text,"А я Ейнштейн. 1935 року ми з Подольським і Розеном доводили, що квантова механіка <b>неповна</b>. Якщо я можу напевно передбачити щось на відстані, то це мусить бути «елементом реальності» ще заздалегідь! Жодної <i>spukhafte Fernwirkung</i> — моторошної дії на відстані."
l7.intro.1.2,"1964 року я показав, як цю суперечку можна <b>розв’язати експериментом</b>. Але спершу треба створити сплутану пару."
l7.after.1.0,"Чудово! А тепер поглянь на сфери Блоха: <b>обидві стрілки зникли в центрі</b>."
l7.after.1.1,"Ціле |Φ⁺⟩ — чистий стан, але <b>жоден кубіт окремо не має власного стану</b> — кожен максимально змішаний. Інформація не «в Алісі» й не «в Бобі», вона в <b>кореляціях</b>. Це і є сплутаність: ціле більше за суму частин."
l7.measurePairs.1.0.text,"При Z–Z результати <b>завжди однакові</b>! Я ж казав: значення мусили бути визначені наперед, як дві рукавички у двох коробках."
l7.measurePairs.1.1,"Можливо. Але поглянь на Боба: хоч Аліса вимірює Z, хоч X, Боб щоразу бачить <b>50 : 50</b>. Так Аліса <b>не може надіслати йому повідомлення</b> — кореляції вони побачать лише після порівняння результатів звичайним (класичним, повільнішим) каналом."
l7.measurePairs.1.2,"А про рукавички вирішить гра. Уперед!"
l7.chsh.1.0,"Правила <b>гри CHSH</b>: суддя надсилає Алісі випадковий біт x, а Бобові випадковий біт y. Не спілкуючись, вони відповідають бітами a, b."
l7.chsh.1.1,"Вони виграють, якщо <b>a ⊕ [[b = x · y]]</b>: тобто мають відповісти <b>однаково</b>, крім випадку [[x = y = 1]], коли мають відповісти <b>по-різному</b>."
l7.chsh.1.2.text,"Якщо в них «рукавички» — відповіді, домовлені заздалегідь (локальні приховані змінні), — вони ніколи не перевищать <b>75 %</b>. Це нерівність Белла."
l7.chsh.1.3,"Зі сплутаною парою Аліса вибирає кут вимірювання a₀ або a₁ залежно від x, а Боб — b₀ або b₁ залежно від y. Спробуй знайти кути, що поб’ють 75 %!"
l7.play.1.0,"{0}! Теоретичний максимум — [[cos²(π/8) ≈ <b>85 %</b>]]. <b>Жодні рукавички цього не зможуть</b>."
l7.play.1.1.text,"Гм... Отже, або я відмовляюся від локальності, або від ідеї, що значення існують до вимірювання."
l7.play.1.2,"Саме так. <b>Бом</b> обирає нелокальність (хвиля-пілот), операційний підхід (Бор) відмовляється від наперед існуючих значень. І зверни увагу: ви досі не надіслали одне одному жодного <b>повідомлення</b>. Аспе, Клаузер і Цайлінгер отримали Нобелівську премію 2022 року за експериментальне підтвердження."
l8.intro.1.0,"Velkommen! Я Нільс Бор. На моєму гербі — інь-ян і девіз <i>Contraria sunt complementa</i> — протилежності доповнюють одна одну."
l8.intro.1.1,"Фізик мусить уміти рахувати. Але він мусить уміти й <b>говорити</b> — і не говорити дурниць. У цій залі стоять мислителі, яких згадують твої лекції."
l8.intro.1.2,"<b>Доповнювальність</b>: квантовий об’єкт не можна описати однією класичною картиною. Хвиля й частинка — обидва точні описи, кожен у своєму експериментальному влаштуванні. Це не релятивізм!"
l8.intro.1.3,"Поговори з усіма шістьма. Кожен поставить тобі питання."
l8.sorting.1.0,"Чудово. Лекція застерігає: не змішуй <b>три питання</b> — <b>онтологію</b> (Що існує?), <b>епістемологію</b> (Що ми можемо про це знати?), <b>феноменологію</b> (Як явище нам постає?)."
l8.sorting.1.1,"Класифікуй такі речення."
l8.sorting.2.0.who,"Нільс Бор"
l8.sorting.2.0.q,"«Хвильова функція ψ — це фізична реальність чи лише інструмент для передбачень?» — Що це за питання?"
l8.sorting.2.0.options.0,"онтологічне"
l8.sorting.2.0.options.1,"епістемологічне"
l8.sorting.2.0.options.2,"феноменологічне"
l8.sorting.2.0.why,"Воно питає, що існує. Ні рівняння Шредінгера, ні експерименти самі по собі цієї суперечки не розв’язують."
l8.sorting.2.1.who,"Нільс Бор"
l8.sorting.2.1.q,"«Що ми можемо водночас знати про положення та імпульс електрона?»"
l8.sorting.2.1.options.0,"епістемологічне"
l8.sorting.2.1.options.1,"онтологічне"
l8.sorting.2.1.options.2,"феноменологічне"
l8.sorting.2.1.why,"Питання про межі пізнання."
l8.sorting.2.2.who,"Нільс Бор"
l8.sorting.2.2.q,"«Як нам постає спін в експерименті Штерна–Ґерлаха — дві плями на екрані?»"
l8.sorting.2.2.options.0,"феноменологічне"
l8.sorting.2.2.options.1,"онтологічне"
l8.sorting.2.2.options.2,"епістемологічне"
l8.sorting.2.2.why,"Питання про те, як явище постає в досвіді/експерименті."
l8.sorting.2.3.who,"Нільс Бор"
l8.sorting.2.3.q,"Що з цього НЕ є одним із «чотирьох питань», які варто ставити до кожного нового квантового поняття?"
l8.sorting.2.3.options.0,"Який спостерігач має рацію?"
l8.sorting.2.3.options.1,"Яку систему ми приготували?"
l8.sorting.2.3.options.2,"У якому експерименті проявляються властивості?"
l8.sorting.2.3.options.3,"Чого цей опис досі НЕ означає?"
l8.sorting.2.3.why,"Чотири питання: система, рівняння й припущення, експеримент і що з опису (не) випливає."
l8.sorting.3,"«Не треба переставати обчислювати світ. Не можна лише забувати, що це за світ, який ми обчислюємо». — так закінчується лекція про мову квантової механіки."
l9.DRAGON_TRAPS.1.0.q,"Дракон має P(влучання) = 70 %. Ти вдарив(-ла) і промахнувся(-лася). Що сталося?"
l9.DRAGON_TRAPS.1.0.options.0,"Вимірювання дало менш імовірний результат — 30 % теж трапляються; захист сколапсував на протилежний полюс"
l9.DRAGON_TRAPS.1.0.options.1,"Імовірність була обчислена неправильно"
l9.DRAGON_TRAPS.1.0.options.2,"Дракон помітив, що ти вимірюєш, і змінив кут"
l9.DRAGON_TRAPS.1.0.why,"Правило Борна дає ймовірності, а не певність. Після вимірювання стан перебуває в одному з двох результатів."
l9.DRAGON_TRAPS.1.1.q,"Чому «Фазове сичання» (поворот навколо z) не зашкодило тобі, коли ти стояв(-ла) в |1⟩?"
l9.DRAGON_TRAPS.1.1.options.0,"Полюси — власні стани Z: поворот навколо z змінює їх лише на глобальну фазу"
l9.DRAGON_TRAPS.1.1.options.1,"Бо дракон промахнувся"
l9.DRAGON_TRAPS.1.1.options.2,"Бо |1⟩ — нульовий вектор"
l9.DRAGON_TRAPS.1.1.why,"[[Rz(φ)|1⟩ = e<sup>iφ/2</sup>|1⟩]] — глобальну фазу неможливо спостерегти."
l9.DRAGON_TRAPS.1.2.q,"Туман декогеренції вкоротив стрілку захисту до довжини 0,5. Яке найвище P(влучання) можна досягти самими гейтами?"
l9.DRAGON_TRAPS.1.2.options.0,"75 % — повороти не подовжують стрілку: [[P ≤ (1 + |r|)/2]]"
l9.DRAGON_TRAPS.1.2.options.1,"100 % — потрібен лише правильний гейт"
l9.DRAGON_TRAPS.1.2.options.2,"50 %"
l9.DRAGON_TRAPS.1.2.why,"Унітарні гейти — це повороти; змішаний стан лишається змішаним. Допоможе лише вимірювання (колапс) — або не дати туману застати тебе на екваторі."
l9.intro.1.0,"Отже, ти пройшов(-ла) всі вісім порталів. Я Ервін Шредінгер — так, той самий, що з котом. На цій гірській вершині гніздиться <b>Кетварр</b>, квантовий дракон."
l9.intro.1.1,"Його луску оберігає <b>захист, що є кубітом</b>. Ти бачиш його праворуч як кулю Блоха. Золота стрілка <b>n</b> — його вразливе місце."
l9.intro.1.2,"Твій меч — <b>вимірювання</b>. Удар влучає з імовірністю <b>[[P = (1 + r·n)/2]]</b> — що ближче стрілка захисту до золотої, то певніше влучання. І стережися: після удару захист <b>колапсує</b> на один із полюсів."
l9.intro.1.3,"Не кажи, що дракон «водночас у небі й на землі». Кажи точно: він у стані, що дає <b>P(влучання)</b>. Два напівпрозорі дракони лише показують імовірності результатів."
l9.intro.1.4,"Бій <b>покроковий</b>: ти вигукуєш одне слово сили (гейт), потім дракон робить <b>оголошений хід</b> і дихає вогнем. Кетварра поранить лише удар із <b>[[P ≥ {0}]]</b> — це метрика, яку ти маєш досягти."
l9.lines.1.0.0,"🐉 <b>Кетварр:</b> «Маленький стан ψ хоче виміряти дракона? Моя луска з каменю та фаз!»"
l9.lines.1.0.1,"Шредінгер: Його ходи в 1-му раунді — здебільшого <b>повороти навколо z</b>. Вони не рухають полюсів… а час від часу — <b>Помах крила (X)</b>. Стеж за оголошеним ходом і числами на кнопках — вони показують P(влучання) після ходу дракона."
l9.lines.1.1.0,"🐉 <b>Кетварр:</b> «Туман! Хай розчиниться твоя когерентність!»"
l9.lines.1.1.1,"Шредінгер: Тепер він дихає <b>Туманом декогеренції</b>, що вкорочує стрілку на екваторі. Ти вивчив(-ла) нове слово: <b>RABI-RA</b> — імпульс із налаштовуваним кутом θ. Не затримуйся на екваторі!"
l9.lines.1.2.0,"🐉 <b>Кетварр:</b> «Моє серце не там, де ти його шукаєш!»"
l9.lines.1.2.1,"Шредінгер: Вразливе місце <b>n</b> тепер нахилене, і дракон його переміщує. Імпульс має також <b>вісь φ</b> в екваторіальній площині. Цілься так, щоб після ходу дракона P ≥ порогу."
l9.startPhase.1,"Кетварр"
l9.msg.1.0.0,"Кетварр реве, і його кам’яна луска тріскається! «Полюси… ти стояв(-ла) на полюсах, де моя фаза безсила!»"
l9.msg.1.0.1,"Молодець. Повороти навколо z змінюють лише фазу — на полюсах |0⟩, |1⟩ вони нешкідливі."
l9.msg.1.1.0,"Туман розступається. «Мій туман… ти не затримався(-лася) на екваторі!»"
l9.msg.1.1.1,"Саме так. Декогеренція руйнує когерентності — стрілку на екваторі. Швидкий імпульс і вимірювання її переможуть."
l9.msg.1.2.0,"Кетварр падає в сніг. «Ти цілився(-лася) в моє серце… хоч воно й рухалося»."
l9.msg.1.2.1,"Це квантове керування в мініатюрі: передбач еволюцію й налаштуй імпульс так, щоб результат мав високу ймовірність."
l9.phaseWon.1,"Кетварр"
l9.defeated.1,"Кетварр"
l9.defeated.2,"«Попіл до попелу, амплітуда до нуля!»"
l9.defeated.3,"Вогонь тебе здолав. Не біда — раунд починається знову. Порада: перш ніж вигукувати, поглянь на числа на кнопках і на оголошений хід дракона."
l9.finale.1,"Кетварра переможено. Ще три питання — хочу знати, чи розумієш ти, <b>чому</b> переміг(-ла)."
l9.finale.2,"Кетварр"
l9.finale.3,"«Гаразд, маленький стане. Ніхто ще не вимірював мене так точно. Я полечу на північну вершину й охоронятиму острів — від поганих аналогій»."
l9.finale.4,"🏆 <b>Острів Гільберта врятовано!</b> Оцінка битви: <b>{0}</b> (помилок: {1}).<br>Пам’ятай: амплітуди інтерферують, імовірності вимірюються, а дракон перебуває в стані — а не «у двох місцях водночас»."
layman.LAYMAN_INTRO.1.0,"Привіт! Я <b>Іскра</b>, твоя провідниця. Формули не потрібні — я говоритиму <b>звичайними словами</b>."
layman.LAYMAN_INTRO.1.1,"Звичайні комп’ютери використовують <b>біти</b>: кожен — 0 або 1. Квантові комп’ютери використовують <b>кубіти</b>: доки на кубіт не подивишся, він може бути <b>сумішшю 0 і 1</b>."
layman.LAYMAN_INTRO.1.2,"Ти — <b>Псічко (ψ)</b>, стан кубіта. Ти не кулька, а <b>рецепт шансів</b>: ти кажеш, які відповіді отримає кожен, хто на тебе подивиться."
layman.LAYMAN_INTRO.1.3,"Фокус квантових комп’ютерів: кожна можлива відповідь несе <b>маленьку стрілку</b>. Стрілки можуть <b>гасити одна одну</b>. Добра квантова програма робить так, щоб хибні відповіді гасилися, а правильна посилювалася."
layman.LAYMAN_INTRO.1.4,"Над островом кружляє <b>Кетварр, квантовий дракон</b>. Кожен наставник навчить тебе одного слова сили; з усіма вісьмома ти переможеш його на Драконовому піку."
layman.LAYMAN_INTRO.1.5,"На острові 8 порталів, у кожного — наставник. Перед кожним завданням я спершу <b>поясню його простими словами</b>. Фахові слова отримають <b>переклад у дужках</b> і просте пояснення, коли наведеш на них мишу."
layman.LAYMAN_INTRO.1.6,"Керування: <b>WASD</b> рух, <b>тягни мишею</b> — камера, <b>E</b> увійти/говорити, <b>M</b> мапа. Почни з порталу <b>1</b>!"
layman.LAYMAN_INTRO.1.7,"Коли почуватимешся впевненіше, можеш будь-коли перемкнутися на складнішу складність із більш фаховою мовою (праворуч угорі)."
layman.1.intro.0,"Забудь про формули. У квантовому комп’ютері <b>кожна можлива відповідь несе маленьку стрілку</b> (як стрілка годинника)."
layman.1.intro.1,"<b>Довга стрілка = імовірна відповідь.</b> Коротка = малоймовірна. Напрямок стрілки («фаза») — це щось на кшталт часу: він важить лише тоді, коли стрілки зустрічаються."
layman.1.setHand.0,"Просте завдання: <b>перетягни стрілку на золоту позначку</b> — правильна довжина й правильний напрямок. Ось і все, що означає «налаштувати амплітуду»."
layman.1.timesI.0,"Кнопка «× i» лише <b>повертає стрілку на чверть оберту</b> (90°) і не змінює її довжини. Дві чверті оберту = стрілка дивиться назад."
layman.1.interference.0,"До однієї відповіді ведуть <b>два шляхи</b>, і кожен приносить свою стрілку. Стрілки <b>додаються одна за одною</b> (кінець однієї = початок другої)."
layman.1.interference.1,"Однаковий напрямок → вони об’єднують сили (певніша відповідь). Протилежний → <b>гасять одна одну</b> (така відповідь випасти не може). Саме так виграють квантові комп’ютери: <b>хибні відповіді гасяться, правильна посилюється</b>."
layman.2.intro.0,"Атоми поводяться як <b>крихітні магнітики</b>. Ми пропускаємо їх крізь великий магніт і дивимося, куди вони впадуть."
layman.2.intro.1,"Буденний досвід каже: розмазана смужка. Дійсність каже: <b>лише дві точки — «угору» або «вниз»</b>. Ця властивість «завжди одна з двох відповідей» — це саме <b>кубіт</b> (квантовий біт)."
layman.2.twoSpots.0,"Спершу стріляй у <b>«класичній» моделі</b> (як би це працювало за буденною інтуїцією), потім у <b>дійсності</b>. Порівняй: смужка проти двох точок."
layman.2.sequences.0,"Фільтр = <b>ставимо питання й лишаємо собі тільки одну відповідь</b>. Запитай «угору/вниз?», потім «ліворуч/праворуч?» і знову «угору/вниз?»."
layman.2.sequences.1,"Несподіванка: середнє питання <b>стирає</b> першу відповідь. У квантовому світі <b>питання змінює те, про що питаєш</b>."
layman.2.predict.0,"Нахилений магніт = <b>трохи інше питання</b>. Що більший нахил, то більше відповідь схожа на підкидання монетки (50/50). Спершу вгадай, потім стріляй."
layman.3.intro.0,"Уяви кубіт як <b>стрілку всередині кулі</b>. Північний полюс = <b>0</b>, південний = <b>1</b>, будь-де деінде = <b>суміш 0 і 1</b>."
layman.3.intro.1,"<b>Гейти</b> (операції квантового комп’ютера) лише <b>повертають цю стрілку</b>. Квантова програма = послідовність поворотів."
layman.3.puzzles.0,"Кожна головоломка: доведи стрілку до цілі якомога меншою кількістю кнопок. <b>X</b> міняє верх ↔ низ, <b>H</b> міняє північний полюс із точкою на екваторі, <b>Z</b> повертає стрілку на пів оберту навколо вертикальної осі."
layman.3.measure.0,"Вимірювання = запитати кубіт <b>«ти 0 чи 1?»</b>. Стрілка на екваторі відповідає випадково, 50/50. Потім стрілка стрибає на полюс відповіді."
layman.3.measure.1,"Одна спроба майже нічого не каже; <b>сотня спроб показує закономірність</b>. Справжні квантові комп’ютери теж запускають ту саму програму багато разів."
layman.3.lab.0,"Вільна гра: напрям стрілку будь-куди, повертай її й вимірюй у будь-якому напрямку. <b>Тут нічого не може піти не так.</b>"
layman.4.intro.0,"Є два види «не знаю напевно»: <b>справжня суміш-переплетення</b>, що ще може інтерферувати (суперпозиція), і <b>монетка, яку хтось уже підкинув</b>, але ще не показав тобі (суміш)."
layman.4.intro.1,"За одного вимірювання вони виглядають однаково. Різниця видна, коли перед вимірюванням зробиш іще один крок."
layman.4.pure.0,"<b>H двічі поспіль</b> завжди повертає кубіт до 0 — два шляхи до відповіді 1 гасять один одного. Це інтерференція в дії."
layman.4.withMeasure.0,"<b>Підглянь посередині</b> — і чари зникають: наприкінці раптом 50/50. Підглядання (чи будь-який витік інформації) руйнує інтерференцію."
layman.4.withMeasure.1,"Стовпчики ρ поза діагоналлю — це <b>індикатори «переплетення ще живе»</b>. Стеж, як вони згасають."
layman.4.deco.0,"Декогеренція = <b>довкілля трохи підглядає</b>. Більше шуму → менше інтерференції. Це <b>ворог № 1 справжніх квантових комп’ютерів</b> — тому їх охолоджують майже до абсолютного нуля."
layman.5.intro.0,"Запис Дірака — це лише <b>скорочення</b>. |ψ⟩ («кет») = <b>стан</b>, як іменник. ⟨φ| («бра») = <b>питання</b>, яке ставиш."
layman.5.intro.1,"⟨φ|ψ⟩ = <b>відповідь на питання</b>: одне число (стрілка). Її довжина в квадраті = <b>шанс</b>."
layman.5.tasks.0,"Складай вирази з плиток, як LEGO. Завжди питай: результат — це <b>стан</b>, <b>число</b> чи <b>машина, що змінює стани</b>?"
layman.6.intro.0,"ЯМР — це техніка, на якій працює <b>апарат МРТ у лікарні</b>, — і також <b>перші квантові комп’ютери</b>."
layman.6.intro.1,"Сильний магніт дає кожному атомному ядру <b>два енергетичні рівні (= 0 і 1)</b>. Радіоімпульси правильного тону перемикають його між ними."
layman.6.precession.0,"У магніті стрілка <b>крутиться, як дзиґа</b>. З лабораторії це виглядає метушливо; з <b>каруселі, що крутиться разом з нею</b> (обертова система), вона стоїть на місці."
layman.6.precession.1,"Поки вона крутиться, шанси 0 і 1 <b>не змінюються</b>."
layman.6.piPulse.0,"π-імпульс = радіоімпульс якраз такої довжини, щоб <b>перевернути 0 на 1</b>. Це квантовий гейт <b>НЕ</b>."
layman.6.halfPulse.0,"Удвічі коротший імпульс зупиняється <b>на півдорозі</b>: суміш 50/50. Так на справжньому обладнанні створюють суперпозицію."
layman.6.tuning.0,"Як <b>налаштування радіо</b>: не та частота — і переворот не вдається. Знайди правильну станцію."
layman.6.t2.0,"Залиш суміш у спокої — і вона <b>згасає</b>: ядра збиваються з ритму. T₂ = <b>як довго кубіт «пам’ятає»</b>. Квантове обчислення мусить завершитися раніше."
layman.7.intro.0,"Сплутаність: <b>два кубіти мають один спільний стан</b>. Їхні результати пов’язані — наприклад, завжди однакові, — навіть коли вони далеко один від одного."
layman.7.intro.1,"Ейнштейн називав це «моторошним». Белл придумав, як <b>перевірити це експериментом</b>."
layman.7.build.0,"Рецепт: <b>H на перший кубіт</b> (зроби з нього суміш 50/50), потім <b>CNOT</b> (переверни другий, якщо перший — 1). Готово — вони сплутані."
layman.7.noSignal.0,"Боб сам по собі завжди бачить <b>чесну монетку</b>, хоч би що робила Аліса. Тож сплутаність <b>не може передати повідомлення</b> швидше за світло — зв’язок видно лише тоді, коли вони порівняють записи."
layman.7.chsh.0,"Гра на співпрацю: Аліса й Боб не можуть розмовляти, але можуть мати спільні сплутані пари. Зі звичайними стратегіями вони виграють <b>щонайбільше 75 %</b> раундів, зі сплутаністю — <b>близько 85 %</b>."
layman.7.chsh.1,"Нахиляй кути вимірювання, доки не поб’єш 75 %."
layman.9.intro.0,"Фінал! Дракон Кетварр має <b>захист, що є кубітом</b> — стрілку в кулі праворуч. Твій меч — <b>вимірювання</b>: ти б’єш і або влучаєш, або промахуєшся."
layman.9.intro.1,"Шанс влучити зростає, що <b>ближче стрілка захисту до золотої стрілки</b>. Бій покроковий: ти кажеш одне слово (поворот стрілки), потім дракон робить один хід, який він <b>оголошує заздалегідь</b>."
layman.9.phase1.0,"Числа на кнопках показують <b>шанс влучити наступного ходу</b> — уже з урахуванням ходу дракона. Просто обирай зелене, а потім бий."
layman.9.phase2.0,"Тепер дракон видихає <b>туман</b>, що вкорочує стрілку на екваторі: коротша стрілка = гірше прицілювання. На полюсах туман не шкодить. Новий повзунок θ задає, наскільки повернути стрілку."
layman.9.phase3.0,"Золота стрілка (серце дракона) нахилена, і дракон її рухає. Підкручуй повзунки θ і φ, доки кнопка імпульсу не стане зеленою, — тоді вигукни її й бий наступного ходу."
layman.8.intro.0,"Більше жодних ручок — цей рівень про те, <b>що теорія означає</b>. Фізики згодні щодо математики й передбачень, але досі сперечаються, що відбувається «насправді»."
layman.8.statues.0,"Поговори із шістьма мислителями. Кожен бачить це по-своєму, і <b>тобі не треба обирати переможця</b>."
layman.8.sorting.0,"Розклади питання на три купки: <b>що існує?</b> (буття), <b>що ми можемо знати?</b> (пізнання), <b>що ми бачимо й переживаємо?</b> (досвід)."
layman.finale.0,"Підсумкова вікторина перевіряє <b>слова, а не обчислення</b>. Порада: <b>шанс = довжина стрілки в квадраті</b>; стрілки додаються, шанси — ні. Пасткою зазвичай буває буденне слово, вжите не на своєму місці."
theory.1.core,"Амплітуда — комплексне число в полярній формі 
[[<i class=""ca"">α</i> = |<i class=""ca"">α</i>|·e<sup>iφ</sup> = |<i class=""ca"">α</i>|(cos φ + i sin φ)]]
Правило Борна: 
[[P = |<i class=""ca"">α</i>|² = <i class=""ca"">α</i>·<i class=""ca"">α</i>* = (Re <i class=""ca"">α</i>)² + (Im <i class=""ca"">α</i>)²]]
Фаза φ окремої амплітуди в P губиться; вона проявляється лише під час додавання амплітуд."
theory.1.setHand,"Множення на фазовий множник зберігає модуль: 
[[|e<sup>iφ</sup><i class=""ca"">α</i>| = |e<sup>iφ</sup>|·|<i class=""ca"">α</i>| = |<i class=""ca"">α</i>|]]
Декартова форма цілі: [[Re = |<i class=""ca"">α</i>| cos φ, Im = |<i class=""ca"">α</i>| sin φ]]. Для 0,7·e<sup>i3π/4</sup>: [[Re ≈ −0,49, Im ≈ 0,49]]."
theory.1.timesI,"
[[i = e<sup>iπ/2</sup> ⇒ i·z = |z|·e<sup>i(φ + π/2)</sup>]]
Степені i — точки на одиничному колі: [[i⁰ = 1, i¹ = i, i² = −1, i³ = −i, i⁴ = 1]]. Тотожність Ейлера 
[[e<sup>iπ</sup> + 1 = 0]]
пов’язує п’ять фундаментальних сталих."
theory.1.interference,"Для двох нерозрізненних шляхів: 
[[P = |A₁ + A₂|² = |A₁|² + |A₂|² + 2 Re(A₁A₂*)]]
Останній доданок — <b>інтерференційний</b>. Для [[|A₁| = |A₂| = ½]] і відносної фази Δφ: 
[[P = ½(1 + cos Δφ) = cos²(Δφ/2)]]
Класично (розрізненні шляхи) лишається тільки [[|A₁|² + |A₂|² = ½]]."
theory.2.core,"Спін ½ у магнітному полі: енергія 
[[E = −μ·B, &nbsp; F<sub>z</sub> = μ<sub>z</sub> ∂B<sub>z</sub>/∂z]]
Сила виникає лише в <b>неоднорідному</b> полі. Квантово S<sub>z</sub> має лише два значення: 
[[S<sub>z</sub> = ±ħ/2, &nbsp; ħ = h/2π ≈ 1,055·10⁻³⁴ Дж·с]]
"
theory.2.twoSpots,"Класичний навмання орієнтований магніт мав би [[μ<sub>z</sub> = μ cos ϑ]] з cos ϑ, рівномірно розподіленим на [−1, 1] → суцільна смуга. Неполяризований пучок квантово — це 
[[ρ = ½|0⟩⟨0| + ½|1⟩⟨1| = I/2]]
— центр сфери Блоха, що дає 50 : 50 уздовж <i>кожної</i> осі."
theory.2.sequences,"Базис X, виражений у базисі Z: 
[[|±x⟩ = (|0⟩ ± |1⟩)/√2 &nbsp;⇒&nbsp; |⟨0|+x⟩|² = ½]]
Вимірювання — це проєкція: після результату «+x» стан є |+x⟩ незалежно від свого минулого. Тому [[Z+ → X+ → Z]] знову дає ½ : ½. Оператори S<sub>x</sub>, S<sub>z</sub> не комутують: 
[[[S<sub>x</sub>, S<sub>z</sub>] = −iħ S<sub>y</sub> ≠ 0]]
"
theory.2.predict,"Стан |+z⟩, виміряний уздовж осі n, нахиленої на ϑ: 
[[P(+n) = |⟨+n|+z⟩|² = cos²(ϑ/2) = (1 + cos ϑ)/2]]
Половинний кут — ознака спіну ½: поворот на 360° множить стан на −1 (глобальна фаза); точно повертає його лише 720°."
theory.3.core,"Кожен чистий стан кубіта: 
[[|ψ⟩ = cos(θ/2)|0⟩ + e<sup>iφ</sup> sin(θ/2)|1⟩, &nbsp; <i class=""ca"">α</i> = cos(θ/2), <i class=""cb"">β</i> = e<sup>iφ</sup> sin(θ/2)]]
Вектор Блоха: 
[[r = (sin θ cos φ, sin θ sin φ, cos θ) = (⟨X⟩, ⟨Y⟩, ⟨Z⟩)]]
Гейт = поворот: 
[[R<sub>n</sub>(α) = e<sup>−iα n·σ/2</sup> = cos(α/2) I − i sin(α/2) (n·σ)]]
"
theory.3.puzzles,"Матриці Паулі: 
[[X = [0,1; 1,0], &nbsp; Y = [0,−i; i,0], &nbsp; Z = [1,0; 0,−1], &nbsp; H = (X + Z)/√2]]
Ключові тотожності: 
[[X² = Y² = Z² = H² = I, &nbsp; HXH = Z, &nbsp; HZH = X, &nbsp; XY = iZ]]
S = diag(1, i) = √Z, T = diag(1, e<sup>iπ/4</sup>) = √S. Як повороти: X = −i·R<sub>x</sub>(π) ∼ R<sub>x</sub>(π)."
theory.3.measure,"Проєктивне вимірювання в базисі Z: 
[[P(0) = |<i class=""ca"">α</i>|² = cos²(θ/2), &nbsp; P(1) = |<i class=""cb"">β</i>|² = sin²(θ/2), &nbsp; ⟨Z⟩ = P(0) − P(1) = cos θ]]
З N вимірювань оцінка P має статистичну похибку 
[[σ ≈ √(P(1 − P)/N) &nbsp; (N = 100, P = ½ ⇒ σ = 5 %)]]
φ можна знайти лише вимірюванням [[⟨X⟩ = sin θ cos φ]] і [[⟨Y⟩ = sin θ sin φ]] — тобто в інших базисах (томографія)."
theory.3.lab,"Вимірювання вздовж осі m: 
[[P(+m) = (1 + r·m)/2 = cos²(γ/2), &nbsp; γ = кут між r і m]]
Поворот стану (формула Родрігеса): 
[[r′ = r cos α + (n × r) sin α + n (n·r)(1 − cos α)]]
Будь-який гейт розкладається на три повороти: U = e<sup>iγ</sup> R<sub>z</sub>(a) R<sub>y</sub>(b) R<sub>z</sub>(c)."
theory.4.core,"Матриця густини та вектор Блоха: 
[[ρ = |ψ⟩⟨ψ| = [|<i class=""ca"">α</i>|², <i class=""ca"">α</i><i class=""cb"">β</i>*; <i class=""ca"">α</i>*<i class=""cb"">β</i>, |<i class=""cb"">β</i>|²] = ½(I + r·σ)]]
Діагональ = заселеності, позадіагональ ρ₀₁ = (r<sub>x</sub> − i r<sub>y</sub>)/2 = когерентність. Чистота 
[[Tr ρ² = (1 + |r|²)/2 &nbsp; (1 = чистий, ½ = максимально змішаний)]]
"
theory.4.pure,"
[[|0⟩ →H→ (|0⟩ + |1⟩)/√2 →H→ ½(|0⟩ + |1⟩) + ½(|0⟩ − |1⟩) = |0⟩]]
Амплітуди до |1⟩ (+½ і −½) гасяться — два «шляхи» з протилежною фазою. У ρ після першого H: усі чотири елементи дорівнюють ½ → когерентності [[ρ₀₁ = ½]] максимальні."
theory.4.withMeasure,"Неселективне вимірювання (результат забуто) = проєкція на діагональ: 
[[ρ → Σ<sub>k</sub> P<sub>k</sub> ρ P<sub>k</sub> = [ρ₀₀, 0; 0, ρ₁₁]]]
Для ρ = ½[1,1; 1,1] це дає I/2, а HIH† = I ⇒ P(0) = ½. Суперпозиція й суміш мають спільну діагональ; різняться лише поза нею."
theory.4.deco,"Канал дефазування (фазового згасання) плюс фазовий зсув: 
[[ρ₀₁ → (1 − p) e<sup>−iφ</sup> ρ₀₁, &nbsp; ρ₀₀, ρ₁₁ не змінюються]]
Після другого H: 
[[P(0) = ½ (1 + (1 − p) cos φ)]]
Видимість смуг V = [[(P<sub>max</sub> − P<sub>min</sub>)/(P<sub>max</sub> + P<sub>min</sub>) = 1 − p = 2|ρ₀₁|]]. У часі: [[|ρ₀₁(t)| = |ρ₀₁(0)| e<sup>−t/T₂</sup>]]."
theory.5.core,"Перевірка розмірностей, як для матриць: кет = n×1, бра = 1×n, оператор = n×n. 
[[⟨φ| = (|φ⟩)† = (φ₀*, φ₁*), &nbsp; ⟨φ|ψ⟩ = Σ<sub>k</sub> φ<sub>k</sub>* ψ<sub>k</sub> ∈ ℂ]]
Властивості: [[⟨φ|ψ⟩ = ⟨ψ|φ⟩*, ⟨ψ|ψ⟩ = 1]], повнота 
[[Σ<sub>k</sub> |k⟩⟨k| = I]]
"
theory.5.tasks,"Спектральний розклад спостережуваної та середнє значення: 
[[A = Σ<sub>a</sub> a |a⟩⟨a|, &nbsp; ⟨A⟩ = ⟨ψ|A|ψ⟩ = Σ<sub>a</sub> a |⟨a|ψ⟩|² = Tr(ρA)]]
Проєктор [[P = |ψ⟩⟨ψ|]] задовольняє [[P² = P, P† = P]]. Тензорний добуток: 
[[(|a⟩ ⊗ |b⟩)<sub>ij</sub> = a<sub>i</sub> b<sub>j</sub>, &nbsp; dim(H<sub>A</sub> ⊗ H<sub>B</sub>) = dim H<sub>A</sub> · dim H<sub>B</sub>]]
Хвильова функція: [[ψ(x) = ⟨x|ψ⟩]], ∫|ψ(x)|² dx = 1."
theory.6.core,"Спін у полі B₀ (зееманівські рівні, ларморова частота): 
[[H = −γ B₀ S<sub>z</sub> = −(ħω₀/2) Z, &nbsp; ω₀ = γB₀, &nbsp; ΔE = ħω₀]]
Для протона [[γ/2π ≈ 42,58]] МГц/Тл ⇒ за 1 Тл [[ω₀/2π ≈ 42,6]] МГц. Часова еволюція: [[|ψ(t)⟩ = e<sup>−iHt/ħ</sup>|ψ(0)⟩]] = поворот навколо z з кутовою швидкістю ω₀."
theory.6.precession,"
[[<i class=""cb"">β</i>(t) = <i class=""cb"">β</i>(0) e<sup>iω₀t</sup> &nbsp;⇒&nbsp; |<i class=""cb"">β</i>(t)|² = const., &nbsp; φ(t) = φ(0) + ω₀t]]
У погляді 👁 «стрілки»: <i class=""cb"">β</i> обертається відносно <i class=""ca"">α</i>, їхні довжини лишаються. Обертова система: [[|ψ̃⟩ = e<sup>−iω₀tZ/2</sup>|ψ⟩]] — у ній прецесія зникає."
theory.6.piPulse,"РЧ-поле B₁ cos(ωt) в обертовій системі (наближення обертової хвилі): 
[[H̃ = (ħ/2)(Δ Z + Ω<sub>R</sub> X), &nbsp; Ω<sub>R</sub> = γB₁, &nbsp; Δ = ω₀ − ω]]
У резонансі [[(Δ = 0)]]: 
[[P<sub>1</sub>(t) = sin²(Ω<sub>R</sub>t/2)]]
π-імпульс: [[Ω<sub>R</sub>t = π ⇒ |0⟩ → −i|1⟩ ∼ |1⟩]]."
theory.6.halfPulse,"
[[R<sub>x</sub>(π/2)|0⟩ = (|0⟩ − i|1⟩)/√2 = |−i⟩]]
Стан на екваторі: [[P(0) = P(1) = ½]], але [[|⟨X⟩|² + |⟨Y⟩|² = 1]] — максимальна поперечна намагніченість, а отже, найсильніший ЯМР-сигнал. Тому ЯМР-експеримент починається π/2-імпульсом."
theory.6.tuning,"Поза резонансом (формула Рабі): 
[[P<sub>1</sub>(t) = Ω<sub>R</sub>²/(Ω<sub>R</sub>² + Δ²) · sin²(√(Ω<sub>R</sub>² + Δ²) · t/2)]]
Вісь обертання нахилена на [[tan ϑ = Δ/Ω<sub>R</sub>]], тож стрілка ніколи не досягає південного полюса. Ширина резонансу ≈ Ω<sub>R</sub> — слабший імпульс означає гостріший резонанс."
theory.6.t2,"Рівняння Блоха (1946): 
[[dM<sub>⊥</sub>/dt = … − M<sub>⊥</sub>/T₂, &nbsp; dM<sub>z</sub>/dt = … − (M<sub>z</sub> − M₀)/T₁]]
Сигнал FID: [[S(t) ∝ M<sub>⊥</sub>(0) cos(ω₀t) e<sup>−t/T₂</sup>]]. Завжди [[T₂ ≤ 2T₁]]. Спінове луна (Хан 1950): π-імпульс у момент τ обертає назад дефазування, спричинене неоднорідністю поля."
theory.7.core,"Два кубіти живуть у ℂ² ⊗ ℂ² (4 амплітуди). Добутковий стан: (a|0⟩ + b|1⟩) ⊗ (c|0⟩ + d|1⟩); сплутаний стан так записати не можна. Критерій для 
[[|Ψ⟩ = Σ ψ<sub>ij</sub>|ij⟩: &nbsp; добуток ⇔ ψ₀₀ψ₁₁ − ψ₀₁ψ₁₀ = 0]]
Редукований стан: [[ρ<sub>A</sub> = Tr<sub>B</sub> |Ψ⟩⟨Ψ|]]."
theory.7.build,"
[[|00⟩ →H⊗I→ (|00⟩ + |10⟩)/√2 →CNOT→ (|00⟩ + |11⟩)/√2 = |Φ⁺⟩]]
Для |Φ⁺⟩: [[ψ₀₀ψ₁₁ − ψ₀₁ψ₁₀ = ½ ≠ 0]] ⇒ сплутаний. 
[[ρ<sub>A</sub> = ρ<sub>B</sub> = I/2, &nbsp; S(ρ<sub>A</sub>) = −Tr ρ<sub>A</sub> log₂ ρ<sub>A</sub> = 1 біт]]
Ентропія сплутаності 1 біт — максимум для двох кубітів."
theory.7.noSignal,"Кореляція для |Φ⁺⟩ з осями a, b у площині xz: 
[[E(a, b) = ⟨σ<sub>a</sub> ⊗ σ<sub>b</sub>⟩ = cos(a − b), &nbsp; P(однакові) = cos²((a − b)/2)]]
Неможливість сигналізації: статистика Боба залежить лише від ρ<sub>B</sub>, яку локальне вимірювання Аліси не змінює: 
[[Σ<sub>k</sub> Tr<sub>A</sub>[(P<sub>k</sub> ⊗ I) ρ] = ρ<sub>B</sub> = I/2]]
"
theory.7.chsh,"Вираз CHSH: 
[[S = E(a₀,b₀) + E(a₀,b₁) + E(a₁,b₀) − E(a₁,b₁)]]
Локальні приховані змінні: [[|S| ≤ 2]]. Квантово (межа Цирельсона, 1980): [[|S| ≤ 2√2 ≈ 2,83]]. Виграш у грі: 
[[P<sub>виграш</sub> = ½ + S/8 &nbsp;⇒&nbsp; класично ≤ 75 %, квантово ≤ ½ + √2/4 = cos²(π/8) ≈ 85,4 %]]
Оптимум: [[a₀ = 0, a₁ = π/2, b₀ = π/4, b₁ = −π/4]]."
theory.8.core,"Постулати коротко: (1) стан = одиничний вектор |ψ⟩ (або ρ), (2) еволюція: 
[[iħ ∂|ψ⟩/∂t = H|ψ⟩]]
(3) вимірювання спостережуваної A = Σ a P<sub>a</sub>: P(a) = ⟨ψ|P<sub>a</sub>|ψ⟩, стан після нього P<sub>a</sub>|ψ⟩/√P(a) («колапс»), (4) складені системи: тензорний добуток."
theory.8.statues,"Співвідношення невизначеностей Робертсона: 
[[σ<sub>A</sub> σ<sub>B</sub> ≥ ½ |⟨[A, B]⟩|, &nbsp; [x, p] = iħ ⇒ σ<sub>x</sub> σ<sub>p</sub> ≥ ħ/2]]
Теорема Нетер: якщо [[[H, G] = 0]], то d⟨G⟩/dt = 0 (симетрія, породжена [[G ⇒ G]] зберігається). Рівняння ведення Бома: dx/dt = (ħ/m) Im(∇ψ/ψ)."
theory.8.sorting,"Унітарна еволюція оборотна й лінійна; «колапс» неунітарний. Декогеренція пояснює, чому не видно інтерференції між макроальтернативами (ρ стає діагональною в «стрілочному» базисі), але не вибирає одного результату — саме тут розходяться тлумачення (копенгагенське, Еверетта, Бома, QBism…), хоча їхні передбачення збігаються."
traps.hard.1.0.q,"Два шляхи з амплітудами ½ і ½·e<sup>iπ/3</sup>. Чому дорівнює [[P = |A₁ + A₂|²]]?"
traps.hard.1.0.options.0,"¾"
traps.hard.1.0.options.1,"½"
traps.hard.1.0.options.2,"1"
traps.hard.1.0.options.3,"¼"
traps.hard.1.0.why,"[[P = cos²(Δφ/2) = cos²(π/6) = ¾]]. Інтерференційний доданок [[2 Re(A₁A₂*) = ½ cos(π/3) = ¼]]."
traps.hard.1.1.q,"Чому дорівнює i<sup>i</sup> (головне значення)?"
traps.hard.1.1.options.0,"[[e<sup>−π/2</sup> ≈ 0,208]] — дійсне число"
traps.hard.1.1.options.1,"i"
traps.hard.1.1.options.2,"−1"
traps.hard.1.1.options.3,"невизначено"
traps.hard.1.1.why,"[[i = e<sup>iπ/2</sup> ⇒ i<sup>i</sup> = e<sup>i·iπ/2</sup> = e<sup>−π/2</sup>]]. Ейлер знайшов це 1746 року."
traps.hard.2.0.q,"Стан |+z⟩ вимірюємо вздовж x. Чому дорівнюють ⟨S<sub>x</sub>⟩ і стандартне відхилення σ(S<sub>x</sub>)?"
traps.hard.2.0.options.0,"[[⟨S<sub>x</sub>⟩ = 0, σ = ħ/2]]"
traps.hard.2.0.options.1,"[[⟨S<sub>x</sub>⟩ = ħ/2, σ = 0]]"
traps.hard.2.0.options.2,"[[⟨S<sub>x</sub>⟩ = 0, σ = 0]]"
traps.hard.2.0.why,"Результати ±ħ/2 по 50 % ⇒ середнє 0, відхилення ħ/2. Уздовж z було б [[σ(S<sub>z</sub>) = 0]]."
traps.hard.2.1.q,"Чому в спіні ½ фігурує половинний кут: [[P = cos²(ϑ/2)]]?"
traps.hard.2.1.options.0,"ортогональні стани (|+z⟩, |−z⟩) на сфері Блоха протилежні, тож 180° = «90° у гільбертовому просторі»"
traps.hard.2.1.options.1,"через ваду магніту"
traps.hard.2.1.options.2,"бо спін обертається з половинною швидкістю"
traps.hard.2.1.why,"Кут у гільбертовому просторі — половина кута на сфері: [[|⟨+n|+z⟩| = cos(ϑ/2)]]."
traps.hard.3.0.q,"Чому дорівнює HZH?"
traps.hard.3.0.options.0,"X"
traps.hard.3.0.options.1,"Z"
traps.hard.3.0.options.2,"Y"
traps.hard.3.0.options.3,"I"
traps.hard.3.0.why,"H міняє осі [[x ↔ z]], тож поворот навколо z стає поворотом навколо x. Звідси [[H·Z·H = X]] (головоломка 5)."
traps.hard.3.1.q,"Стан із [[θ = π/3, φ = 0]]. Чому дорівнює P(0) у базисі Z?"
traps.hard.3.1.options.0,"[[cos²(π/6) = ¾]]"
traps.hard.3.1.options.1,"[[cos²(π/3) = ¼]]"
traps.hard.3.1.options.2,"½"
traps.hard.3.1.options.3,"[[sin²(π/6) = ¼]]"
traps.hard.3.1.why,"[[P(0) = cos²(θ/2) = (1 + cos θ)/2 = (1 + ½)/2 = ¾]]."
traps.hard.4.0.q,"Яка чистота Tr ρ² максимально змішаного стану кубіта I/2?"
traps.hard.4.0.options.0,"½"
traps.hard.4.0.options.1,"1"
traps.hard.4.0.options.2,"0"
traps.hard.4.0.options.3,"¼"
traps.hard.4.0.why,"[[Tr (I/2)² = Tr I/4 = ½]]. Загалом [[Tr ρ² = (1 + |r|²)/2]], а в центрі [[r = 0]]."
traps.hard.4.1.q,"Дефазування [[p = 0,4]] і фазовий зсув [[φ = 0]]. Яке P(0) наприкінці H → (довкілля) → H?"
traps.hard.4.1.options.0,"0,8"
traps.hard.4.1.options.1,"0,6"
traps.hard.4.1.options.2,"0,7"
traps.hard.4.1.options.3,"1"
traps.hard.4.1.why,"[[P(0) = ½(1 + (1 − p) cos φ) = ½(1 + 0,6) = 0,8]]."
traps.hard.5.0.q,"Яке середнє значення ⟨+|Z|+⟩?"
traps.hard.5.0.options.0,"0"
traps.hard.5.0.options.1,"1"
traps.hard.5.0.options.2,"−1"
traps.hard.5.0.options.3,"½"
traps.hard.5.0.why,"[[⟨Z⟩ = P(0)·(+1) + P(1)·(−1) = ½ − ½ = 0]] — хоча окремі вимірювання дають лише ±1."
traps.hard.5.1.q,"Скільки комплексних амплітуд має складений стан трьох кубітів?"
traps.hard.5.1.options.0,"2³ = 8"
traps.hard.5.1.options.1,"3 × 2 = 6"
traps.hard.5.1.options.2,"3"
traps.hard.5.1.options.3,"2"
traps.hard.5.1.why,"Під ⊗ розмірності перемножуються: 2 · 2 · 2 = 8 (експоненційне зростання — тому класичне моделювання складне)."
traps.hard.6.0.q,"Частота Рабі Ω<sub>R</sub>, розстроювання [[Δ = Ω<sub>R</sub>]]. Який максимум P(|1⟩)?"
traps.hard.6.0.options.0,"½"
traps.hard.6.0.options.1,"1"
traps.hard.6.0.options.2,"¼"
traps.hard.6.0.options.3,"0"
traps.hard.6.0.why,"[[P<sub>max</sub> = Ω<sub>R</sub>²/(Ω<sub>R</sub>² + Δ²) = 1/2]]."
traps.hard.6.1.q,"Скільки часу минає, доки поперечна намагніченість спаде до 1/e?"
traps.hard.6.1.options.0,"T₂"
traps.hard.6.1.options.1,"T₁"
traps.hard.6.1.options.2,"2π/ω₀"
traps.hard.6.1.options.3,"π/Ω<sub>R</sub>"
traps.hard.6.1.why,"[[M<sub>⊥</sub>(t) = M<sub>⊥</sub>(0) e<sup>−t/T₂</sup>]]. T₁ керує поверненням M<sub>z</sub>; завжди [[T₂ ≤ 2T₁]]."
traps.hard.7.0.q,"Яка квантова (Цирельсонова) межа виразу CHSH S?"
traps.hard.7.0.options.0,"2√2 ≈ 2,83"
traps.hard.7.0.options.1,"2"
traps.hard.7.0.options.2,"4"
traps.hard.7.0.options.3,"√2"
traps.hard.7.0.why,"Локально [[|S| ≤ 2]], квантово [[|S| ≤ 2√2]], алгебраїчно аж до 4 (PR-скриньки) — природа зупиняється на 2√2."
traps.hard.7.1.q,"Чи сплутаний стан ½(|00⟩ + |01⟩ + |10⟩ + |11⟩)?"
traps.hard.7.1.options.0,"ні — це |+⟩ ⊗ |+⟩"
traps.hard.7.1.options.1,"так, бо має чотири доданки"
traps.hard.7.1.options.2,"так, максимально"
traps.hard.7.1.why,"[[ψ₀₀ψ₁₁ − ψ₀₁ψ₁₀ = ¼ − ¼ = 0]] ⇒ добуток. Кількість доданків про сплутаність не вирішує."
traps.hard.8.0.q,"Що випливає з [[[x, p] = iħ]]?"
traps.hard.8.0.options.0,"[[σ<sub>x</sub> σ<sub>p</sub> ≥ ħ/2]] для кожного стану"
traps.hard.8.0.options.1,"кожне вимірювання положення збурює імпульс рівно на ħ"
traps.hard.8.0.options.2,"x і p взагалі не можна виміряти"
traps.hard.8.0.why,"Робертсон: [[σ<sub>A</sub>σ<sub>B</sub> ≥ ½|⟨[A,B]⟩| = ħ/2]]. Це властивість стану (розкид результатів), а не збурення приладом."
traps.hard.8.1.q,"Чого декогеренція НЕ пояснює?"
traps.hard.8.1.options.0,"чому ми отримуємо саме цей один результат"
traps.hard.8.1.options.1,"чому макроскопічні суперпозиції не інтерферують"
traps.hard.8.1.options.2,"чому зникає позадіагональ ρ"
traps.hard.8.1.why,"Декогеренція діагоналізує ρ, але не вибирає одного результату (проблема вимірювання) — саме тут розходяться тлумачення."
scrolls.s1a.title,"Квадратний корінь із від’ємного числа"
scrolls.s1a.text,"В <i>Ars Magna</i> (1545), розв’язуючи задачу «поділи 10 на дві частини, добуток яких дорівнює 40», Кардано отримав 5 ± √−15. Результат працював, але він не знав, що це означає. Бомбеллі в <i>L’Algebra</i> (1572) першим дав правила обчислень із «più di meno» (сьогоднішнє +i) і «meno di meno» (−i) — і показав, що вони ведуть до цілком дійсних коренів кубічних рівнянь."
scrolls.s1a.quote,"«Так просувається арифметична витонченість, кінець якої, як кажуть, настільки ж вишуканий, наскільки й марний». — Кардано про √−15"
scrolls.s1b.title,"«Уявні» числа та формула Ейлера"
scrolls.s1b.text,"У <i>La Géométrie</i> (1637) Декарт зневажливо назвав ці корені «уявними» — і назва прижилася. У <i>Introductio in analysin infinitorum</i> (1748) Ейлер опублікував [[e<sup>ix</sup> = cos x + i sin x]], а 1777 року запровадив для √−1 літеру <b>i</b>. Ще в листі до Гольдбаха (1746) він обчислив, що i<sup>i</sup> — дійсне число ≈ 0,2079."
scrolls.s1b.quote,"«Наша перлина… найдивовижніша формула в математиці». — Річард Фейнман про [[e<sup>iθ</sup> = cos θ + i sin θ]] (Фейнманівські лекції з фізики, 1963)"
scrolls.s1c.title,"Числа як стрілки, імовірність як квадрат"
scrolls.s1c.text,"Землемір Вессель (1799) і бухгалтер Арган (1806) незалежно зобразили комплексні числа як точки площини — множення стало поворотом. Гаусс (1831) дав їм назву «комплексні». 1926 року Макс Борн додав у примітці до статті про зіткнення, що ймовірність пропорційна <b>квадратові</b> амплітуди — сьогоднішнє правило Борна (Нобелівська премія 1954)."
scrolls.s1c.quote,"«Рух частинок підкоряється законам імовірності, але сама ймовірність поширюється згідно із законом причиновості». — Макс Борн, 1926"
scrolls.s2a.title,"Листівка Борові"
scrolls.s2a.text,"Штерн запропонував експеримент 1921 року, прагнучи спростувати борівське «просторове квантування». Після місяців невдач Ґерлах у Франкфурті в лютому 1922 року побачив, що наліт на скляній пластинці розділився надвоє. Він надіслав Борові листівку з мікрофотографією двох плям. (Лише згодом з’ясувалося, що ефект спричиняє не орбітальний момент імпульсу, а спін електрона.)"
scrolls.s2a.quote,"«Додаємо експериментальний доказ напрямного квантування. Вітаємо Вас із підтвердженням Вашої теорії». — Ґерлах Борові, 8 лютого 1922"
scrolls.s2b.title,"Дешева сигара"
scrolls.s2b.text,"Шар срібла на пластинці був такий тонкий, що його не було видно. За спогадом Штерна, слід проявився лише тоді, коли він схилився над пластинкою з дешевою сигарою: сірка з диму перетворила срібло на чорний сульфід срібла. Фізики Фрідріх і Гершбах повторили трюк із сигарою 2003 року — він працює (анекдот, але перевірений)."
scrolls.s2b.quote,"На асистентську платню Штерн курив дешеві сигари з високим умістом сірки — і саме це врятувало експеримент. — за Фрідріхом і Гершбахом, Physics Today (2003)"
scrolls.s2c.title,"Спін: дурість, яку можуть собі дозволити молоді"
scrolls.s2c.text,"1925 року Уленбек і Гаудсміт припустили, що електрон має власний момент імпульсу ±ħ/2. Коли Лоренц обчислив, що «поверхня» електрона оберталася б швидше за світло, вони хотіли відкликати статтю — але Еренфест її вже надіслав. Паулі спершу був проти (він відрадив Кроніга від тієї самої ідеї). Фіппс і Тейлор (1927) повторили дослід Штерна–Ґерлаха з атомами водню й підтвердили, що дві плями походять від спіну електрона."
scrolls.s2c.quote,"«Ви обидва досить молоді, щоб дозволити собі дурницю». — Еренфест Уленбекові й Гаудсмітові, 1925"
scrolls.s3a.title,"Сфера до кубіта"
scrolls.s3a.text,"Оптика знала ту саму сферу: Пуанкаре (1892) зіставив кожній поляризації світла точку сфери — кругова поляризація на полюсах, лінійна на екваторі. 1927 року Паулі записав спін за допомогою трьох матриць σ<sub>x</sub>, σ<sub>y</sub>, σ<sub>z</sub>; їхні лінійні комбінації — це саме повороти сфери Блоха."
scrolls.s3a.quote,"«Математика — це мистецтво давати однакові назви різним речам». — Анрі Пуанкаре"
scrolls.s3b.title,"Ядерна індукція та геометрична картина"
scrolls.s3b.text,"1946 року Блох (Стенфорд) і Перселл (Гарвард) незалежно відкрили ядерний магнітний резонанс у речовині; 1952 року вони розділили Нобелівську премію. Блох описав рух намагніченості як обертання вектора. Фейнман, Вернон і Гелворт (1957) показали, що <i>будь-яку</i> дворівневу систему можна намалювати як стрілку в кулі, — тому сьогодні ми говоримо про сферу Блоха кубіта."
scrolls.s3b.quote,"Гейзенберг: «Простір — це поле лінійних операцій». Блох: «Дурниці. Простір блакитний, і в ньому літають птахи». — Блох згадує розмову з Гейзенбергом (Physics Today, 1976)"
scrolls.s3c.title,"Слово «кубіт»"
scrolls.s3c.text,"Слово <b>кубіт</b> (qubit) запровадив Бенджамін Шумахер у статті <i>Quantum coding</i> (1995) — нібито як жарт із розмови з Вільямом Вуттерсом (звучить як біблійна міра «лікоть», cubit). У тій самій статті він показав, що кубіт — одиниця квантової інформації, так само як біт — одиниця класичної."
scrolls.s3c.quote,"«Термін „кубіт“ придумано жартома під час однієї з багатьох цікавих і цінних розмов автора з В. К. Вуттерсом». — Шумахер, Quantum coding (1995)"
scrolls.s4a.title,"Дві щілини та слабке світло"
scrolls.s4a.text,"Юнг (лекції 1801–1803 у Королівському товаристві) показав смуги за двома щілинами, а отже, хвильову природу світла — всупереч авторитетові Ньютона. Тейлор (1909) повторив інтерференцію зі світлом таким слабким, що в приладі в середньому перебувало менше одного фотона водночас; експозиція тривала три місяці, а смуги лишилися."
scrolls.s4a.quote,"«Досліди, про які я збираюся розповісти… можна з великою легкістю повторити, щойно засяє сонце». — Томас Юнг, 1803"
scrolls.s4b.title,"Електрони поодинці"
scrolls.s4b.text,"Йонссон (1961) першим провів дослід із двома щілинами з електронами. Мерлі, Міссіролі та Поцці (Болонья, 1974) і Тономура (Hitachi, 1989) надсилали електрони <i>поодинці</i>: кожен падає як точка, проте тисячі точок складаються в смуги. 2002 року читачі Physics World визнали це найкрасивішим експериментом у фізиці."
scrolls.s4b.quote,"«Явище, яке неможливо, абсолютно неможливо пояснити жодним класичним способом і в якому — серце квантової механіки. Насправді воно містить єдину таємницю». — Фейнман, 1965"
scrolls.s4c.title,"Матриця густини та декогеренція"
scrolls.s4c.text,"Матрицю густини незалежно запровадили фон Нейман і Ландау (1927) для опису сумішей і підсистем. Це (1970) помітив, що макроскопічні системи неможливо ізолювати від довкілля, а Журек (1981–82) показав, як довкілля обирає «стрілочний» базис і стирає когерентності. Арош із колегами виміряли декогеренцію «наживо» в лабораторії (1996)."
scrolls.s4c.quote,"«Квантова теорія — єдина, яку ми маємо; декогеренція показує, чому світ здається нам класичним». — переказ ідеї В. Журека"
scrolls.s5a.title,"Дужка Пуассона на прогулянці"
scrolls.s5a.text,"Улітку 1925 року 23-річний Дірак отримав коректуру статті Гейзенберга. Під час недільної прогулянки він збагнув, що комутатор xp − px відповідає класичній дужці Пуассона, — але в неділю бібліотека була зачинена, тож перевірити формулу він зміг лише в понеділок. 1930 року він видав <i>Принципи квантової механіки</i>; бра-кет запис додав 1939 року."
scrolls.s5a.quote,"«Важливіше, щоб рівняння були красивими, ніж щоб вони узгоджувалися з експериментом». — Дірак, Scientific American, 1963"
scrolls.s5b.title,"Рівняння, що передбачило антиматерію"
scrolls.s5b.text,"Релятивістське рівняння Дірака (1928) мало розв’язки з від’ємною енергією. Згодом (1931) Дірак побачив у них нову частинку — антиелектрон. Андерсон знайшов її в космічних променях 1932 року (позитрон). Дірак розділив Нобелівську премію 1933 року зі Шредінгером; він думав відмовитися через розголос, доки Резерфорд не сказав йому, що відмова привернула б іще більше уваги."
scrolls.s5b.quote,"«Це було не питання, а коментар». — анекдот: Дірак після того, як хтось на лекції сказав, що не розуміє рівняння у правому верхньому куті"
scrolls.s6a.title,"Лінії, що розщеплюються"
scrolls.s6a.text,"Зееман (1896) помістив натрієве полум’я між полюсами електромагніту, і спектральні лінії розширилися, а згодом розщепилися. Лоренц одразу пояснив це рухом заряджених частинок в атомі й за розщепленням оцінив відношення їхнього заряду до маси — приблизно тоді, коли Томсон відкрив електрон (1897). Нобелівська премія 1902. Так званий «аномальний» ефект Зеемана пояснив лише спін."
scrolls.s6a.quote,"«Як можна мати щасливий вигляд, коли думаєш про аномальний ефект Зеемана?» — Паулі, близько 1923"
scrolls.s6b.title,"Атоми слухають радіо"
scrolls.s6b.text,"У Колумбійському університеті (1938) група Рабі пропустила молекулярний пучок крізь статичне поле та осцилююче радіочастотне поле. Саме на правильній частоті спіни перевертались і пучок оминав детектор — перше вимірювання магнітного резонансу. Нобелівська премія 1944. З цього методу виросли атомні годинники, ЯМР і МРТ."
scrolls.s6b.quote,"«Хто це замовляв?» — Рабі про відкриття мюона (1936), частинки, якої ніхто не чекав"
scrolls.s6c.title,"Луна, зображення тіла та Шор у пробірці"
scrolls.s6c.text,"Хан (1950) відкрив спінове луна — π-імпульс обертає дефазування назад, і втрачений сигнал повертається. Лаутербур (1973) і Менсфілд перетворили ЯМР на візуалізацію (МРТ; Нобелівська премія 2003). 2001 року команда IBM і Стенфорда (Вандерсіпен, Чуанг та ін.) запустила алгоритм Шора в ЯМР-молекулі із 7 ядерними спінами й розклала 15 = 3 × 5."
scrolls.s6c.quote,"«Луна було випадковістю — імпульси, які я подавав з інших причин, дали сигнал, якого не мало бути». — переказ спогаду Хана"
scrolls.s7a.title,"Бог не грає в кості?"
scrolls.s7a.text,"У листі до Макса Борна (1926) Ейнштейн відкинув ідею, що природа фундаментально випадкова. У травні 1935 року вийшла стаття ЕПР: «Чи можна вважати квантовомеханічний опис фізичної реальності повним?». Бор відповів у жовтні 1935 року статтею з <i>такою самою</i> назвою: про реальність не можна говорити без експериментального влаштування."
scrolls.s7a.quote,"«Теорія каже багато, але насправді не наближає нас до таємниці Старого. Я, принаймні, переконаний, що Він не кидає кості». — Ейнштейн Борнові, 4 грудня 1926"
scrolls.s7b.title,"Verschränkung і привиди"
scrolls.s7b.text,"Улітку 1935 року Шредінгер і Ейнштейн листувалися про ЕПР. Шредінгер вигадав для цього явища слово <i>Verschränkung</i> — сплутаність, — а того ж року й кота в скрині. Ще 1947 року Ейнштейн писав Борнові про «моторошну дію на відстані» (<i>spukhafte Fernwirkung</i>)."
scrolls.s7b.quote,"«Я назвав би це не однією, а <i>найхарактернішою</i> рисою квантової механіки, тією, що змушує її цілком відійти від класичного способу мислення». — Шредінгер про сплутаність, 1935"
scrolls.s7c.title,"Від нерівності до Нобелівської премії"
scrolls.s7c.text,"Белл (1964, під час творчої відпустки в США) вивів нерівність, яку мусить задовольняти кожна локальна теорія з прихованими змінними. CHSH (1969) пристосували її для реальних приладів; Фрідман і Клаузер (1972) уперше її порушили. Аспе (1982) перемикав аналізатори, поки фотони були в польоті. 2015 року три команди (Делфт, Відень, NIST) одночасно закрили головні «лазівки». Нобелівська премія 2022: Аспе, Клаузер, Цайлінгер."
scrolls.s7c.quote,"«Але 1952 року я побачив, як неможливе здійснилося». — Белл про теорію Бома, що спростувала фон-нейманівський «доказ» проти прихованих змінних"
scrolls.s8a.title,"Комо та Сольве"
scrolls.s8a.text,"У вересні 1927 року в Комо Бор уперше представив доповнювальність; того ж року Гейзенберг опублікував принцип невизначеності. Через місяць на 5-му Сольвеївському конгресі в Брюсселі Ейнштейн щоранку за сніданком пропонував уявний експеримент, що мав обійти принцип невизначеності, — а до вечора Бор знаходив ваду. На 6-му конгресі (1930) Бор спростував ейнштейнівську «фотонну скриньку» за допомогою загальної теорії відносності самого Ейнштейна."
scrolls.s8a.quote,"«Ейнштейне, перестаньте вказувати Богові, що робити!» — Бор (за свідченнями учасників Сольвеївського конгресу, 1927)"
scrolls.s8b.title,"Мислителі в залі"
scrolls.s8b.text,"Кант: <i>Критика чистого розуму</i> (1781). Нетер: теорема про симетрії та закони збереження, <i>Invariante Variationsprobleme</i> (1918) — у некролозі 1935 року Ейнштейн назвав її найзначнішим творчим математичним генієм від початку вищої освіти для жінок. Вітгенштейн: <i>Логіко-філософський трактат</i> (1921), положення 5.6 про межі мови. Гейзенберг: <i>Фізика і філософія</i> (1958), Ґіффордські лекції."
scrolls.s8b.quote,"«Те, що ми спостерігаємо, — не сама природа, а природа, підставлена нашому способові ставити питання». — Гейзенберг, 1958"
scrolls.s8c.title,"Тлумачення множаться"
scrolls.s8c.text,"Фон Нейман (1932) увів у формалізм «колапс» (проєкцію) разом із нібито доведенням неможливості прихованих змінних. Бом (1952) обійшов його нелокальною хвилею-пілотом. Еверетт (1957, дисертація) запропонував, що колапсу взагалі не буває (пізніше — «багатосвітове» тлумачення). Мермін (1989) підсумував ставлення багатьох фізиків фразою, яку часто помилково приписують Фейнманові."
scrolls.s8c.quote,"«Якби мене змусили одним реченням підсумувати, що мені каже копенгагенське тлумачення, це було б: „Замовкни й рахуй!“» — Н. Девід Мермін, Physics Today, 1989"
traps.ancient.1.q,"Хто першим дав правила обчислень із квадратними коренями з від’ємних чисел?"
traps.ancient.1.options.0,"Рафаель Бомбеллі (1572)"
traps.ancient.1.options.1,"Ісаак Ньютон (1687)"
traps.ancient.1.options.2,"Карл Ф. Гаусс (1831)"
traps.ancient.1.why,"Бомбеллі в L’Algebra (1572); Гаусс пізніше популяризував назву «комплексні числа»."
traps.ancient.2.q,"Що, за спогадом Штерна, зробило слід срібла видимим?"
traps.ancient.2.options.0,"сірка з дешевої сигари"
traps.ancient.2.options.1,"ультрафіолетова лампа"
traps.ancient.2.options.2,"фотографічна емульсія"
traps.ancient.2.why,"Сульфід срібла чорний — шар став видимим (Фрідріх і Гершбах повторили це 2003 року)."
traps.ancient.3.q,"Хто розділив із Блохом Нобелівську премію 1952 року за ядерний магнітний резонанс?"
traps.ancient.3.options.0,"Едвард Перселл"
traps.ancient.3.options.1,"Річард Фейнман"
traps.ancient.3.options.2,"Макс Борн"
traps.ancient.3.why,"Блох (Стенфорд) і Перселл (Гарвард) незалежно відкрили ЯМР у речовині 1946 року."
traps.ancient.4.q,"Хто першим показав інтерференцію світла за двома щілинами?"
traps.ancient.4.options.0,"Томас Юнг (1801–1803)"
traps.ancient.4.options.1,"Ісаак Ньютон (1704)"
traps.ancient.4.options.2,"Річард Фейнман (1965)"
traps.ancient.4.why,"Юнг — і цим підтримав хвильову теорію світла проти корпускулярної теорії Ньютона."
traps.ancient.5.q,"Яку частинку передбачило рівняння Дірака і хто її знайшов?"
traps.ancient.5.options.0,"позитрон — Карл Андерсон (1932)"
traps.ancient.5.options.1,"нейтрон — Джеймс Чедвік (1932)"
traps.ancient.5.options.2,"мюон — команда Рабі (1936)"
traps.ancient.5.why,"Розв’язки з від’ємною енергією → антиелектрон, знайдений у космічних променях 1932 року."
traps.ancient.6.q,"Хто 2001 року запустив алгоритм Шора в ЯМР і що розклали на множники?"
traps.ancient.6.options.0,"команда IBM і Стенфорда — 15 = 3 × 5"
traps.ancient.6.options.1,"Рабі — 21 = 3 × 7"
traps.ancient.6.options.2,"Блох і Перселл — 6 = 2 × 3"
traps.ancient.6.why,"Вандерсіпен, Чуанг та ін.: молекула із 7 ядерними спінами, Nature 2001."
traps.ancient.7.q,"Хто й коли вигадав слово «сплутаність» (Verschränkung)?"
traps.ancient.7.options.0,"Ервін Шредінгер, 1935"
traps.ancient.7.options.1,"Альберт Ейнштейн, 1926"
traps.ancient.7.options.2,"Джон Белл, 1964"
traps.ancient.7.why,"У листуванні з Ейнштейном і в статтях 1935 року, після статті ЕПР."
traps.ancient.8.q,"Де й коли Бор уперше представив доповнювальність?"
traps.ancient.8.options.0,"Комо, вересень 1927"
traps.ancient.8.options.1,"Копенгаген, 1913"
traps.ancient.8.options.2,"Брюссель, 1930"
traps.ancient.8.why,"Лекція на конференції до століття Вольти в Комо; через місяць відбувся Сольвеївський конгрес."
traps.1.0.q,"Амплітуда [[α = 0,6i]]. Яка ймовірність відповідного результату?"
traps.1.0.options.0,"0,36"
traps.1.0.options.1,"−0,36"
traps.1.0.options.2,"0,6"
traps.1.0.why,"[[|α|² = α·α* = 0,6i · (−0,6i) = 0,36]]. Імовірність ніколи не буває від’ємною."
traps.1.1.q,"Що означає множення амплітуди на множник e<sup>iφ</sup>?"
traps.1.1.options.0,"поворот «стрілки» в комплексній площині на кут φ"
traps.1.1.options.1,"збільшення ймовірності"
traps.1.1.options.2,"фізичне обертання частинки"
traps.1.1.why,"Модуль (а отже, і |α|²) не змінюється, змінюється лише фаза."
traps.1.2.q,"Яке речення правильне?"
traps.1.2.options.0,"Амплітуди інтерферують; лише потім ми обчислюємо ймовірність."
traps.1.2.options.1,"Імовірності інтерферують."
traps.1.2.options.2,"Інтерференція — суто квантове явище; класичні хвилі її не мають."
traps.1.2.why,"Класичні хвилі теж інтерферують — але в квантовій механіці інтерферують амплітуди ймовірності."
traps.2.0.q,"Експеримент Штерна–Ґерлаха показав…"
traps.2.0.options.0,"дві окремі плями під час вимірювання вздовж обраного напрямку"
traps.2.0.options.1,"як насправді обертається електрон"
traps.2.0.options.2,"суцільну смугу всіх відхилень"
traps.2.0.why,"Він показав результати точно заданого вимірювання, а не «кіно» про електрон, що обертається."
traps.2.1.q,"Атом проходить фільтр «+z», потім вимірюємо вздовж x. Що справджується?"
traps.2.1.options.0,"+x і −x по 50 %"
traps.2.1.options.1,"завжди +x"
traps.2.1.options.2,"завжди +z"
traps.2.1.why,"Певність в одному базисі не означає певності в іншому."
traps.2.2.q,"Що означає «спін ½»?"
traps.2.2.options.0,"різновид квантового спіну з двома можливими проєкціями"
traps.2.2.options.1,"пів оберту електрона"
traps.2.2.options.2,"половину швидкості обертання"
traps.2.2.why,"Це назва типу спіну, а не механічного обертання."
traps.3.0.q,"Як правильно сказати, що робить гейт Адамара?"
traps.3.0.options.0,"виконує унітарний поворот, що міняє місцями осі x і z"
traps.3.0.options.1,"завжди створює суперпозицію"
traps.3.0.options.2,"вимірює кубіт"
traps.3.0.why,"[[H|+⟩ = |0⟩]] — тож він також «скасовує» суперпозицію. Залежить від базису."
traps.3.1.q,"−iX ∼ X означає…"
traps.3.1.options.0,"рівні з точністю до глобальної фази (фізично тотожні)"
traps.3.1.options.1,"одне можна перетворити на інше"
traps.3.1.options.2,"вони відрізняються відносною фазою"
traps.3.1.why,"Множник −i спільний для всього стану → глобальна фаза, яку неможливо спостерегти."
traps.3.2.q,"Де на сфері Блоха лежать ортогональні стани |0⟩ і |1⟩?"
traps.3.2.options.0,"на протилежних полюсах"
traps.3.2.options.1,"перпендикулярно один до одного (90°)"
traps.3.2.options.2,"в одній точці"
traps.3.2.why,"Перпендикулярні в гільбертовому просторі, протилежні на сфері Блоха (через θ/2)."
traps.3.3.q,"Гейт Z, застосований до |+⟩…"
traps.3.3.options.0,"перетворює його на |−⟩; P(0) і P(1) у базисі Z лишаються ½"
traps.3.3.options.1,"нічого не змінює, бо ймовірності ті самі"
traps.3.3.options.2,"перевертає |0⟩ на |1⟩"
traps.3.3.why,"Поворот навколо z змінює відносну фазу — це видно під час вимірювання в базисі X."
traps.4.0.q,"Між два гейти H вставляємо вимірювання в базисі Z і забуваємо результат. Чому ми більше не отримуємо 0 напевно?"
traps.4.0.options.0,"вимірювання зруйнувало когерентність (позадіагональні елементи ρ)"
traps.4.0.options.1,"вимірювання зламало гейт"
traps.4.0.options.2,"кубіт утомився"
traps.4.0.why,"Без фазового співвідношення другому H нема чого перетворювати на інтерференцію."
traps.4.1.q,"Матрицю густини позначають…"
traps.4.1.options.0,"ρ (ро)"
traps.4.1.options.1,"p"
traps.4.1.options.2,"P"
traps.4.1.why,"Грецька ро. Літера p — це імпульс або ймовірність."
traps.4.2.q,"Яке речення правильне?"
traps.4.2.options.0,"Суперпозиція та суміш можуть мати однакову статистику Z, але різнитися в інтерференції."
traps.4.2.options.1,"Суперпозиція означає, що ми не знаємо, в якому стані кубіт."
traps.4.2.options.2,"Квантовий комп’ютер перебирає всі можливості й вибирає правильну."
traps.4.2.why,"Суперпозиція — не незнання, а квантовий паралелізм — не 2ⁿ процесорів."
traps.5.0.q,"Що таке ⟨φ|ψ⟩?"
traps.5.0.options.0,"комплексне число (амплітуда)"
traps.5.0.options.1,"оператор"
traps.5.0.options.2,"імовірність"
traps.5.0.why,"Імовірність — це |⟨φ|ψ⟩|²."
traps.5.1.q,"Що таке |ψ⟩⟨φ|?"
traps.5.1.options.0,"оператор (матриця)"
traps.5.1.options.1,"число"
traps.5.1.options.2,"стан"
traps.5.1.why,"Стовпець на рядок = матриця. Порядок має значення!"
traps.5.2.q,"Хвильова функція ψ(x) — це…"
traps.5.2.options.0,"представлення стану в базисі положень: ⟨x|ψ⟩"
traps.5.2.options.1,"сам абстрактний стан"
traps.5.2.options.2,"імовірність знайти частинку"
traps.5.2.why,"Той самий |ψ⟩ має й імпульсне представлення ⟨p|ψ⟩."
traps.6.0.q,"Що «коливається» в осциляціях Рабі?"
traps.6.0.options.0,"амплітуди та ймовірності результатів"
traps.6.0.options.1,"електрон між двома положеннями"
traps.6.0.options.2,"магніт у приладі"
traps.6.0.why,"Механічно нічого не хитається — змінюється стан."
traps.6.1.q,"Прецесія навколо осі z під час вимірювання в базисі Z…"
traps.6.1.options.0,"не змінює ні P(0), ні P(1); змінює фазу"
traps.6.1.options.1,"перевертає спін"
traps.6.1.options.2,"збільшує енергію"
traps.6.1.why,"Поворот навколо z = зміна відносної фази."
traps.6.2.q,"ЯМР-сигнал (напр. SpinQ) відповідає…"
traps.6.2.options.0,"середньому значенню поперечної намагніченості ансамблю"
traps.6.2.options.1,"одному результатові однієї молекули"
traps.6.2.options.2,"колапсу одного спіну"
traps.6.2.why,"Ми вимірюємо цілу сукупність молекул одночасно."
traps.6.3.q,"Через T₂ вектор Блоха скоротився до половини довжини. Стан…"
traps.6.3.options.0,"змішаний (усередині сфери)"
traps.6.3.options.1,"досі чистий"
traps.6.3.options.2,"недійсний"
traps.6.3.why,"|r| < 1 → змішаний стан. Нормування (слід [[ρ = 1]]) і далі виконується."
traps.7.0.q,"Аліса змінює свою вісь вимірювання. Що бачить Боб у своїх результатах?"
traps.7.0.options.0,"і далі 50/50 — нічого не змінюється"
traps.7.0.options.1,"миттєву зміну статистики"
traps.7.0.options.2,"повідомлення від Аліси"
traps.7.0.why,"Сплутаність не дозволяє сигналізації. Кореляції видно лише після порівняння."
traps.7.1.q,"Чому сплутаний кубіт не має стрілки на сфері Блоха?"
traps.7.1.options.0,"він не має власного чистого стану — його редукований стан є сумішшю"
traps.7.1.options.1,"бо він зламаний"
traps.7.1.options.2,"бо він обертається надто швидко"
traps.7.1.why,"Ціле чисте, частина змішана — «ціле більше за суму частин»."
traps.7.2.q,"Порушення нерівності Белла означає…"
traps.7.2.options.0,"не можна зберегти водночас локальність і наперед існуючі значення"
traps.7.2.options.1,"квантову механіку спростовано"
traps.7.2.options.2,"інформація поширюється швидше за світло"
traps.7.2.why,"Бом обирає нелокальність; операційний підхід відмовляється від наперед існуючих значень."
traps.8.0.q,"«Електрона не існує, доки ми на нього не подивимося». Чи точно це передає погляд Бора?"
traps.8.0.options.0,"Ні — Бор вимагав зазначати експериментальні умови, за яких описують явище."
traps.8.0.options.1,"Так, саме це він і стверджував."
traps.8.0.why,"Бору йшлося про однозначне повідомлення результатів, а не про заперечення існування."
traps.8.1.q,"Доповнювальність — це…"
traps.8.1.options.0,"структурований плюралізм описів (несумісні експериментальні рамки)"
traps.8.1.options.1,"релятивізм — у кожного своя правда"
traps.8.1.options.2,"психологічний вплив спостерігача"
traps.8.1.why,"Кожен опис точний і об’єктивний у своїх умовах."
traps.8.2.q,"Чи визначає свідомість спостерігача результат вимірювання?"
traps.8.2.options.0,"Ні — вирішують фізична взаємодія та експериментальне влаштування."
traps.8.2.options.1,"Так, свідомість створює результат."
traps.8.2.why,"Роль свідомості з квантового формалізму не випливає."
traps.8.3.q,"Яке питання ЕПІСТЕМОЛОГІЧНЕ?"
traps.8.3.options.0,"Що ми можемо про це знати?"
traps.8.3.options.1,"Що існує?"
traps.8.3.options.2,"Як явище нам постає?"
traps.8.3.why,"Онтологія = що існує, феноменологія = як явище постає."
traps.8.4.q,"Бомівська механіка…"
traps.8.4.options.0,"детерміністична, з прихованими змінними, але нелокальна"
traps.8.4.options.1,"локальна й детерміністична"
traps.8.4.options.2,"спростована нерівностями Белла"
traps.8.4.why,"Белл виключає ЛОКАЛЬНІ приховані змінні; Бомові — нелокальні."
l8.kant.lines.0,"Моя <i>Критика чистого розуму</i> каже: «Умови можливості досвіду водночас є умовами можливості предметів досвіду»."
l8.kant.lines.1,"Ваша квантова механіка це радикалізує: <b>квантовий стан репрезентує умови можливості результату</b>, а не сам результат."
l8.kant.q.q,"Що, згідно з лекцією, репрезентує квантовий стан?"
l8.kant.q.options.0,"умови можливості результату (структуру можливих відповідей)"
l8.kant.q.options.1,"прихований список значень усіх величин"
l8.kant.q.options.2,"свідомість спостерігача"
l8.kant.q.why,"Стан — це правило для передбачень, а не список класичних властивостей."
l8.wittg.lines.0,"«Межі моєї мови означають межі мого світу». А пізніше: «Значення слова — це його вживання в мові»."
l8.wittg.lines.1,"Вирази на кшталт «спін угору» чи «вимірювання вздовж осі z» — це правила <b>граматики</b> фізичних висловлювань. До речі, спершу я вивчав інженерію — літаки."
l8.wittg.q.q,"Говорити про «значення спіну без вимірювання», згідно з лекцією, — це…"
l8.wittg.q.options.0,"порушення граматики квантової теорії"
l8.wittg.q.options.1,"глибший онтологічний опис"
l8.wittg.q.options.2,"заборонено законом"
l8.wittg.q.why,"Значення спіну має сенс лише в контексті процедури вимірювання."
l8.stodola.lines.0,"Добрий день — я народився в Ліптовському Мікулаші й став професором ETH у Цюриху: парові та газові турбіни."
l8.stodola.lines.1,"Я оцінюю теорії за тим, чи можуть вони <b>надійно конструювати</b> зв’язки між причинами й наслідками. Квантова механіка — робоча конструкторська рамка, а не «образ мікросвіту, яким він є»."
l8.stodola.q.q,"Колапс у квантовій інженерії — це…"
l8.stodola.q.options.0,"фізичний процес зчитування: підсилення, зв’язок із макросвітом, запис у регістр"
l8.stodola.q.options.1,"метафізичний стрибок без причини"
l8.stodola.q.options.2,"наслідок того, що на кубіт подивилася людина"
l8.stodola.q.why,"Він незворотний і дисипативний — інженерна операція, а не додаткова аксіома."
l8.bohm.lines.0,"Я стверджую, що частинка <b>завжди має точне положення</b> і її веде <b>хвиля-пілот</b>. Хвильова функція ніколи не колапсує. Результат вимірювання розкривається, а не створюється."
l8.bohm.lines.1,"Я плачу за це високу ціну: моя теорія мусить бути <b>нелокальною</b>."
l8.bohm.q.q,"Яку ціну платить бомівська механіка за детермінізм?"
l8.bohm.q.options.0,"нелокальність"
l8.bohm.q.options.1,"порушення закону збереження енергії"
l8.bohm.q.options.2,"розбіжність з експериментом"
l8.bohm.q.why,"Нерівності Белла виключають ЛОКАЛЬНІ приховані змінні; Бомові — нелокальні."
l8.heis.lines.0,"На острові Гельголанд 1925 року я знайшов матричну механіку. У книжці <i>Фізика і філософія</i> я пишу: ми спостерігаємо не природу саму по собі, а природу, підставлену <b>нашому способові ставити питання</b>."
l8.heis.lines.1,"А про невизначеність: [[Δx · Δp ≥ ħ/2]]."
l8.heis.q.q,"Що виражає [[Δx · Δp ≥ ħ/2]]?"
l8.heis.q.options.0,"властивість стану: положення та імпульс не можуть бути водночас чітко визначені"
l8.heis.q.options.1,"лише неточність вимірювального приладу"
l8.heis.q.options.2,"Δ = зміна положення з часом"
l8.heis.q.why,"Δ тут означає стандартне відхилення (невизначеність) результатів на однаково приготованих системах."
l8.noether.lines.0,"Моя теорема: кожній неперервній симетрії відповідає закон збереження. Час → енергія, обертання → момент імпульсу."
l8.noether.lines.1,"Лекція каже: <b>до вимірювання спін існує як симетрія</b> — структура можливостей; <b>після вимірювання — як факт</b>. Симетрія каже, що <i>може</i> статися, а не що станеться."
l8.noether.q.q,"Згідно з лекцією, до вимірювання спін існує як…"
l8.noether.q.options.0,"симетрія — структура можливих відповідей"
l8.noether.q.options.1,"певна стрілка вгору чи вниз"
l8.noether.q.options.2,"ніщо, спіну взагалі не існує"
l8.noether.q.why,"Значення виникає лише в конкретній експериментальній рамці."
l0.chapter.1,"<b>Розділ 1 — колір = ХТО.</b> Спершу головні персонажі кожного рівняння: дві амплітуди та стани, яким вони належать."
l0.chapter.2,"<b>Розділ 2 — кути й фази.</b> Рожеве нахиляє, зелене обертає, золоте обертає все разом."
l0.chapter.3,"<b>Розділ 3 — коробки, стовпи, рамки й таблиця.</b> Як виглядає те, що ми робимо зі станом, і те, що з нього вимірюємо."
l0.chapter.4,"<b>Розділ 4 — сталі, події й параметри.</b> Що ніколи не рухається, що спалахує і що керує рухом."
l0.chapter.5,"<b>Розділ 5 — звичайні частини й чуття.</b> Навіть числа й знаки мають колір — а символи ще й звук."
